Date	HH- 47	HH- 48	HH- 01	HH- 02	HH- 03	HH- 04	HH- 05	HH- 06	HH- 07	HH- 08	HH- 09	HH- 10	HH- 11	HH- 12	HH- 13	HH- 14	HH- 15	HH- 16	HH- 17	HH- 18	HH- 19	HH- 20	HH- 21	HH- 22	HH- 23	HH- 24	HH- 25	HH- 26	HH- 27	HH- 28	HH- 29	HH- 30	HH- 31	HH- 32	HH- 33	HH- 34	HH- 35	HH- 36	HH- 37	HH- 38	HH- 39	HH- 40	HH- 41	HH- 42	HH- 43	HH- 44	HH- 45	HH- 46				
02-Jan-12	36.37	36.48	36.14	36.36	35.74	33.58	31.31	31.51	31.42	31.47	30.19	30.05	31.55	31.29	32.3	32.45	34.92	35.16	34.87	35	36.82	36.96	37.09	38.49	45.88	45.14	44.1	43.53	41.31	41.64	41.28	40.46	48.31	49.47	51.45	58.71	67.21	63.71	59.66	58.29	45.92	45.86	45.19	44.38	40.29	39.65	38.54	38.18				
03-Jan-12	36.08	35.74	35.81	35.86	33.66	33.6	33.5	33.44	30.96	30.8	30.17	29.97	30.95	30.88	32.13	35.09	41.04	41.1	41.6	42.28	47.37	45.95	46.24	46.67	49.67	49.69	49.9	49.37	44.24	43.89	43.03	42.8	43.02	42.85	49.79	58.23	61.23	59.96	57.96	54.97	45.65	44	42.39	41.64	38.62	38.39	37.64	37.27				
04-Jan-12	35.32	34.68	35.17	35.02	32.82	31.73	30.85	30.95	31.1	30.61	30.58	30.49	30.56	30.63	34.07	34.57	42.37	42.63	40.2	40.18	42.57	42.85	43.67	42.99	41.77	40.89	42.1	41.83	40.23	40.14	39.83	39.66	43.77	45.16	50.47	56.97	58.19	56.84	52.66	52.32	40.93	41.3	41.32	41.19	39.24	38.66	37.74	37.25				
05-Jan-12	36.21	36.4	36.26	36.33	35.43	34.34	33.33	33.56	34.14	32.67	32.59	32.26	33.03	32.95	36.59	36.88	42.69	43.76	43.98	42.33	42.46	42.32	42.19	43.03	48.46	49.05	50.83	50.47	43.39	42.96	42.7	41.35	40.09	40.06	46.9	56.09	59.85	59.21	54.76	53.72	41.94	41.11	42.34	42.2	42.56	39.85	36.93	35.84				
06-Jan-12	32.76	32.44	32.78	32.75	32.4	32.39	32.75	32.69	32.86	31.92	31.84	31.95	32.1	31.98	33.62	33.7	42.75	44.31	43.22	40.92	44.84	45.36	51.52	49.6	51.22	47.68	52.92	51.44	44.12	43.76	42.25	42.42	45.65	45.61	49.56	55.23	54.44	54.99	53.05	52.63	40.57	40.42	40.42	40.13	39.84	39.9	39.8	39.36				
09-Jan-12	31.75	30.95	31.5	32.12	31.93	31.77	31.48	31.79	30.84	30.85	31.05	30.86	33.73	33.4	36.7	37.56	43.15	45.74	44.47	42.95	44.4	44.02	43.76	44.33	44.74	44.77	45.12	44.48	40.51	40.01	40.86	39.81	43.02	44.08	48.97	58.96	60.07	59.03	59.39	55.77	43.57	44.56	45.33	44.92	43.03	43.47	41.38	40.48				
10-Jan-12	34.7	34.3	34.48	34.12	33.6	32.19	31.84	31.67	31.61	31.47	31.69	31.73	34.59	34.55	33.37	34.15	46.05	46.81	46.75	46.96	49.28	49.13	48.2	48.16	49.87	50.22	49.69	48.47	45.9	45.97	45.81	46.33	44.56	44.21	46.56	55.74	53.59	48.98	45.39	43.47	39.69	39.11	39.59	39.22	40.02	38.84	38.19	37.21				
11-Jan-12	30.61	30.61	30.87	31.82	32.25	32.13	30.61	30.93	30.32	30.23	30.64	30.59	35.25	34.92	35.13	36.09	44.9	46.17	44.75	41.51	45.16	44.33	42.84	42.05	41.92	41.33	40.91	41.63	40.76	40.61	40.55	39.61	38.61	39.25	42.99	60.25	55.61	49.87	49.14	46.52	41.45	40.49	40.64	39.85	37.75	36.55	36.18	37.28				
12-Jan-12	33.12	32.77	31.24	31.64	30.17	29.96	29.83	30.36	29.83	29.72	29.7	29.63	32.54	31.49	34.46	35.03	40.86	40.85	40.82	40	40.03	43.56	39.96	40.19	38.8	38.84	38.21	37.98	38.55	38.44	38.45	38.32	48.16	46.94	43.32	63.62	72.07	59.22	58.23	53.38	44.31	43.33	41.54	40.36	42.25	39.68	40.17	38.24				
13-Jan-12	35.85	35.76	37.17	37.03	37.1	36.36	35.02	34.94	32.5	32.1	32.23	30.9	32.72	31.97	34.4	37.82	44.53	45.33	45.29	46.08	49.92	51.36	50.65	51.27	52.05	51.96	51.32	50.65	47.73	45.16	42.93	42.75	42.92	42.81	43.99	60.32	72.97	71.16	62.97	60.9	46.03	45.52	44.17	42.4	41.38	41.56	41.46	40.64				
16-Jan-12	39.11	38.39	39.5	39.56	40.49	38.49	38.23	38.75	37.97	37.58	36.65	36.66	39.79	38.38	43.57	43.56	51.02	53.16	57.42	58.02	52.02	52.56	53.46	53.41	52.17	52.28	52.24	52.18	49.17	49.39	48.6	48.33	47.97	48.11	48.04	58.07	58.24	57.57	56.35	56.06	43.78	44.09	43.77	43.76	42.18	41.65	40.99	39.44				
17-Jan-12	36.55	37.54	39.07	39.12	37.71	37.6	37.46	37.68	38.43	38.73	38.38	36.72	40.02	38.81	41.17	42.03	53.56	53.15	52.81	49.45	46.51	46.42	47.18	47.16	43.53	42.97	41.9	41.91	41.56	41.97	42.1	41.56	47.81	48.45	47.4	58.79	60.38	59.48	58.05	58.08	44.38	43.86	43.19	43.49	41.65	41.06	40.02	39.22				
18-Jan-12	36.89	36.94	37.35	37.45	36.38	35.68	35.64	35.66	35.36	35.14	34.72	34.69	37.7	37.7	39.82	41.47	51.84	51.05	53.41	51.64	51.38	52.06	52.85	52.72	45.69	44.93	44.97	44.06	43.77	43.17	43.75	42.99	44.69	45.45	48.63	60.06	66.13	67.59	60.24	53.35	45.94	45.39	43.15	45.25	43.16	41.55	40.35	39.48				
19-Jan-12	33.53	34.84	33.76	32.84	33.43	31.8	30.4	30.69	30.68	30.31	31.02	31.08	33.82	34.31	35.6	38.1	49.6	48.02	47.91	47.45	45.78	45.74	45.62	45.72	42.46	42.36	42.36	42.23	40.66	39.8	39.4	38.77	42.43	41.19	42.3	55.88	58.31	56.86	54.45	52.25	42.15	41.67	41.94	40.86	39.92	38.93	39.16	38.77				
20-Jan-12	33.39	31.44	31.02	30.43	29.97	29.51	29.42	29.79	29.79	29.67	29.55	29.46	29.69	30.18	33.35	35.7	43.56	41.07	41.91	41.1	42.94	43.31	43.35	43.86	43.44	46.02	51.73	51.12	41.03	41.29	41.37	40.78	48.18	48.43	53.41	58.03	57.53	56.68	54.63	52.05	42.67	42.23	41.62	41.22	40.33	39.86	39.62	38.85				
23-Jan-12	35.95	34.25	34.2	33.69	33.49	33.07	32.96	32.77	32.2	32.02	32.35	32	33.72	33.51	34.74	34.27	43.81	45.5	45.44	45.58	43.88	45.77	45.92	44.52	42.14	42.24	41.66	40.89	39.06	39.15	39.67	38.55	42.65	41.07	41.31	49.84	57.72	59.9	53.53	50.57	41.35	41.05	40.58	40.79	41.96	38.58	37.37	37.17				
24-Jan-12	34.63	33.28	33.34	33.07	31.81	31.37	31.18	31.56	32.39	31.97	32.88	32.97	35.49	35.61	36.08	36.46	45.4	45.36	45.99	46.13	45.67	50.88	52.43	54.71	53.9	54.12	52.94	52.24	48.65	48.14	47.37	46.04	42.34	42.98	41.63	66.9	68.27	72.94	63.19	55.53	42.25	41.38	41.35	40.82	41.34	38.39	37.95	37.22				
25-Jan-12	37.16	37.5	37.42	37.25	38.16	36.2	35.54	34.91	34.66	34.59	34.09	34.02	35.1	35.8	36.49	36.15	45.93	45.61	45.43	45.47	44.33	43.69	43.28	43.29	39.72	39.6	39.52	39.07	38.4	38.4	38.4	38.35	40.18	40.31	41.94	60.3	66.93	71.32	67.56	57.79	41.67	40.87	40.67	40.42	39.13	37.25	37.11	36.8				
26-Jan-12	34.79	35	34.97	35.37	34.55	33.93	33.39	33.27	33.32	32.98	32.93	32.96	33.55	33.7	37.46	37.4	41.73	41.79	41.8	42.21	43.65	43.38	43.67	43.83	42.06	41.74	40.71	40.74	39.59	39.45	39.52	39.02	41.94	42.6	42.55	57.56	65.96	66.22	59.25	56.47	42.91	42.29	41.27	41.6	40.43	39.25	38.86	38.1				
27-Jan-12	33.96	33.81	35.8	36.55	35.95	34.92	34.41	34.44	33.57	33.65	33.41	33.61	35.48	35.01	38.94	38.68	46.06	48.7	49.73	50.65	55.95	57.15	57.09	56.73	56.43	57.24	56.83	55.68	47.35	46.71	45.46	43.43	41.45	40.34	42.52	54.89	53.24	55.52	54.04	52.3	45.21	43.96	43.11	42.85	41.01	40.34	39.28	39.43				
30-Jan-12	35.41	35.48	35.94	35.65	34.57	34.07	33.73	33.8	32.06	31.66	31.74	31.72	35.13	34.31	40.1	41.11	48.31	47.43	44.96	45.4	47.21	48.55	52.13	51.41	51.72	51.36	51.59	50.74	51.75	51.16	50.88	52.04	54.34	53.76	53.66	58.2	79.45	79.9	78.99	77.81	48.84	48.58	48.48	48.27	46.44	45.67	45.07	42.77				
31-Jan-12	39.4	39.35	39.7	39.76	39.46	39.54	39.22	39.62	39.53	38.69	39.53	39.12	40.02	40.72	41.07	40.57	51.12	50.66	50.99	51.15	51.35	51.12	50.99	51.19	50.89	50.77	50.83	51.38	49.05	48.64	50.03	50.44	56.97	57.54	56.25	56.35	60.86	61.31	60.41	58.85	52.01	51.43	51.33	51.04	51.39	48.56	45.69	44.11				
01-Feb-12	37.83	36.07	36.32	37.82	37.62	37.14	36.99	37.01	36.39	36.17	35.57	35.17	37.54	37.69	42.03	42.06	48.7	51.02	48.88	50.92	50.27	50.18	50.28	49.95	47.38	46.73	44.57	44.77	50.96	50.28	49.45	48.05	51.19	50.69	50.8	47.8	62.38	62.2	61.32	60.52	50.87	50.52	48.85	48.45	44.59	44.06	44.41	44.25				
02-Feb-12	37.1	33.68	36.68	36.23	35.69	35.72	35.37	35.67	36.66	36.46	37.14	35.22	39.3	37.7	40.03	40.44	46	47.3	48.41	50.26	58.03	62.67	62.53	61.53	59.39	60.75	59.81	59.98	57.21	56.42	55.37	52.85	60.17	59.58	56.84	60.35	83.65	87.39	84.82	84.81	58.09	57.66	55.71	55.41	53.86	50.93	49.15	47.38				
03-Feb-12	46.98	44.12	45.11	44.81	46.44	44.17	44.38	45.97	44.18	44.28	44.15	43.52	44.63	45.61	45.98	45.84	50.87	55.46	59.91	67.55	67.8	70.93	69.16	67.2	60.89	57.34	55.55	55	51.61	51.43	51.86	51.37	57.2	57.74	57.88	66.77	91.46	91.8	92.21	90.47	55.89	55.83	54.44	55.16	52.96	53.07	51.12	51				
06-Feb-12	39.93	39.75	37.47	36.06	34.89	34.85	34.81	35.38	34.66	34.79	34.44	34.63	34.91	34.67	41.76	47.6	53.97	50.05	47.82	48.42	57.53	59.16	59.96	61.35	60.58	60.59	60.4	60.01	58.4	58.1	57.63	56.81	64.3	64.79	64.44	68.1	85.1	88.56	88.88	80.79	72.02	68.33	63.76	64.16	64.12	62.57	55.25	52.72				
07-Feb-12	42.41	35.25	46.31	43.69	40.34	38.67	37.82	37.51	37.59	37.58	37.8	37.61	39.73	39.79	39.93	43.06	61.27	59.62	60.61	60.36	64.66	66.25	66.17	65.41	67.14	64.58	64.7	62.98	63.3	62.64	62.6	62.65	66.62	67.38	71.64	73.91	87.92	98.42	92.88	88.11	75.07	73.25	71.5	73.4	69.46	68.53	68.1	66.48				
08-Feb-12	43.85	41.64	42.47	42.8	43.65	42.7	42.57	42.49	43.56	40.13	39.78	39.52	47.63	48.26	52.76	60.55	75.27	74.93	75.97	75.93	72.93	74.14	75.33	75.39	70.49	70.31	70.28	70.3	70.06	70.18	69.96	69.96	74.25	75.55	75.1	76.7	94.96	100.84	96.17	86.51	71.53	68.92	68.67	67.47	63.3	62.11	60.43	60.44				
09-Feb-12	43.91	45.3	45.98	45.01	45.2	43.34	42.39	42.87	43.08	40.43	40.61	41.05	42.31	40.72	47.52	49.76	57.46	58.04	57.53	55.78	56.83	56.57	54.76	55.43	53.35	53.41	53.63	53.67	53.42	53.3	53.45	52.61	53.55	53.31	56.48	57.64	70.07	70.94	64.1	62.8	60.18	58.25	57.31	56.87	57.39	56.52	56.53	54.7				
10-Feb-12	41.25	39.09	43.69	43.73	41.9	39.83	39.74	39.71	38.34	36.55	36.6	36.35	38.82	38.83	39.53	46.66	58.28	58.18	58.53	57.38	60.45	60.18	59.58	59.65	54.46	54.03	53.07	53.37	54.25	52.72	54.08	53.48	57.93	57.62	56.07	59.1	68.34	77.06	75.47	66.43	57.04	57.15	56.08	55.86	56.56	55.55	55.49	54.89				
13-Feb-12	41.21	41.31	40.78	41.15	45.61	43.4	43.97	43.47	41.97	38.87	40.24	40.47	38.13	39.14	36.76	37.42	41.36	42.07	43.83	45.79	54.42	54.04	52.81	52.46	48.33	48.26	48.44	48.07	47.27	46.79	45.62	44.66	42.61	43.92	43.88	47.03	52.31	56.19	54.28	52.38	46.96	46.15	44.76	44.01	43.98	44.46	44.1	42.06				
14-Feb-12	39.57	39.09	38.69	38.95	37.45	37.3	35.34	35.85	35.18	35.05	34.92	35.05	35.55	36.03	37.59	39.1	42.19	41.81	41.38	41.92	46.59	45.11	44.79	44.32	41.79	41.79	41.77	41.16	40.6	40.48	40.55	40.53	43.7	44.48	43.66	42.96	54.55	62.61	62.8	56.81	44.87	44.67	43.59	44.32	41.66	41.54	40.02	39.5				
15-Feb-12	37.18	37.39	37.17	37.81	37.43	36.96	36.99	36.75	37.25	36.45	36.17	35.78	36.73	36.58	39.75	42.18	44.77	44.38	47.37	48.91	57.89	58.07	57.2	55.58	54.03	54.31	54.52	53.25	51.29	49.76	46.89	45.6	45.11	47.48	49.43	52.48	57.54	69.51	73.96	67.87	48.18	48.07	47.93	47.82	45.52	45.04	42.42	40.95				
16-Feb-12	39.22	38.58	39.58	39.98	40.26	38.63	38.43	39.73	38.89	37.89	37.16	36.98	37.98	39.27	39.53	40.21	44.41	44.29	45.29	45.31	50.53	53.55	53.48	54.9	52.41	51.69	51.65	49.71	47.69	46.97	45.72	44.75	41.3	40.65	42.99	40.94	49.8	54.63	53.45	49.53	44.27	44.26	43.52	42.88	41.61	42.16	41.66	39.29				
17-Feb-12	36.67	35.97	36.03	35.89	36.48	35.87	35.75	35.93	36.5	35.89	35.83	35.77	37.22	37.58	38.5	40.4	46.27	46.79	41.88	42.88	42.46	43.2	45.33	45.38	44.61	45.31	44.41	42.83	39.99	38.99	38.36	38.05	44.43	46.76	42.71	45.69	50.15	54.8	55.4	50.94	45.32	44.05	44.3	43.09	41.13	39.94	39.59	38.84				
20-Feb-12	39.7	39.73	40.72	41.18	40.21	37.59	36.52	36.71	35.92	35.85	35.79	35.67	42	40.83	45.85	46.77	47.86	47.85	44.61	46.12	44.74	45.43	44.62	43.36	41.03	41.02	41.03	40.41	39.96	39.75	39.87	39.78	48.7	48.68	48.52	48.29	49.59	53.2	54.37	53.98	50.58	48.58	46.53	45.59	42.82	41.86	39.91	40.06				
21-Feb-12	35.71	35.99	33.27	34.32	33.05	31.86	31.78	31.96	31.68	31.03	30.79	30.89	32.08	32.06	36.07	37.12	46.01	45.2	45.5	45.32	46.3	46.66	46.77	46.74	44.52	43.91	43.69	42.61	42.41	41.85	41.64	41.34	45.04	44.89	46.62	47.34	51.95	54.94	57.67	53.58	48.9	46.42	45.84	43.92	42	40.28	38.44	38.07				
22-Feb-12	34.01	34.34	33.67	34.09	33.82	33.84	32.73	33.14	33.55	32.57	33.04	32.79	33.94	33.65	37.44	38.86	47.84	47.91	45.07	43.79	44.94	44.87	44.88	44.73	43.75	43.47	42.22	42.1	41.03	41.05	41.42	41.48	42.57	44	45.99	50.35	55.5	60.06	66.37	59.43	57.06	51.82	49.51	49.25	42.8	41.25	39.61	38.8				
23-Feb-12	35.65	35.95	36.06	36.02	36.42	39.06	34.96	36.49	35.5	33.96	34.03	33.63	34.51	35.1	38.2	41.34	46.93	45.12	47.64	48.15	52.78	54.71	55.28	54.89	52.25	53.52	51.89	51.06	48.01	47.39	46.4	45.54	44.61	44.93	45.98	48.77	58.67	69.3	81	79.98	56.34	51.78	47.41	46.63	44.26	43.37	41.05	39.72				
24-Feb-12	35.23	36.53	36.96	36.47	35.83	35.74	35.13	34.92	34	33.31	33.47	33.39	34.5	35.6	39.66	40.11	47.73	48	49.74	50.94	53.22	53.17	53.83	53.98	47.52	48.21	46.75	46.16	44.04	43.59	41.87	40.98	38.9	38.86	39	38.84	51.82	51.9	54.05	53.65	48.13	46.44	45.93	45.69	44.62	45.49	46.41	45.79				
27-Feb-12	38.55	37.31	37.48	37.09	35.17	34.99	34.83	34.9	33.13	32.61	32.69	32.52	34.85	33.92	36.88	40.62	50.95	54.93	54.96	58.84	60.57	63.83	62.87	63.43	68.82	68.44	65.86	63.74	54.6	54.69	53.5	52.55	42.05	42.17	43.17	45.88	57.79	63.82	66.71	63.45	52.49	51.14	52.42	48.73	47.38	45.28	46.17	44.58				
28-Feb-12	37.22	37.92	36.34	36.75	36.49	36.06	35.86	35.15	33.03	32.81	32.51	32.14	38.97	39.04	39.89	39.87	50.74	50.54	45.09	46.77	49.78	50.38	51.43	51.41	51.44	51.89	52.14	51.37	48.36	46.88	45.63	45.35	46.68	46.89	46.51	49.19	56.9	67.29	81.35	80.58	56.31	50.38	49.54	49.32	47.23	47.24	47.33	46.06				
29-Feb-12	38.75	37.99	37.6	37.79	36.94	36.69	35.78	35.71	33.51	33.48	33.33	33.29	37.98	36.68	41.39	41.93	45.72	47.12	47.02	47.58	46.53	46.51	46.49	46.54	51.58	53.14	53.2	50.33	47.46	46.37	46.23	45.85	49.72	48.24	46.69	45.68	59.32	64.34	75.44	71.13	50.34	48.25	46.43	43.13	44.56	43.39	43.39	42.76				
01-Mar-12	37.49	36.77	38.54	38.61	34.57	34.4	34.57	34.21	34.02	33.21	33.31	32.99	38.02	36.39	40.73	41.24	41.7	41.27	45.36	44.37	39.72	41.45	41.88	42.43	44.16	44.12	43.86	41.6	39.85	39.9	39.76	38.86	41.77	41.99	44.01	47.19	57.07	64.82	74.42	76.25	61.98	57.91	53.68	50.72	45.39	46.01	43.55	43.49				
02-Mar-12	39.17	38	37.93	38.06	34.49	33.69	33.52	33.53	33.18	32.96	32.98	32.98	38.13	36.05	43.35	43.78	50.12	52.16	52.64	58.67	52.26	52.53	51.85	51.81	51.57	51.9	51.37	49.25	44.21	42.78	39.9	39.6	38.39	38.63	41.1	40.36	45.73	50.08	58.55	61.58	51.78	48.31	46.94	46.33	44.89	44.51	44.58	44.51				
05-Mar-12	37.84	37.27	37.63	37.65	37.61	36.47	34.79	36.14	34.33	34.55	33.98	34.26	35.78	34.41	40.31	41.31	44.99	47.84	49.26	50.82	59.01	58.93	58.16	58.85	55.39	55.43	54.54	54.96	49.99	50.75	48.16	45.84	43.8	44.63	45.31	46.89	57.35	65.15	76.87	76.05	57.62	53.79	52.71	51.11	47.27	46.23	45.16	42.78				
06-Mar-12	36.8	36.85	37.74	39.58	39.88	38.4	40.18	41.25	40.78	38.47	39.18	38.19	42.26	40.98	42.53	42.54	48.93	52.73	54.33	58.37	62.43	63.56	62.77	63.05	55.7	56.08	56	55.28	49.6	47.25	42.12	42.05	46.03	45.33	49.78	48.56	58.74	60.27	67.93	68.79	54.69	47.15	46.57	46.33	44.12	43.25	42.97	42.16				
07-Mar-12	37.64	36.68	35.78	35.53	35.52	35.07	33.58	33.31	32.87	32.77	32.85	32.76	37.03	36.84	37.07	37.63	46.51	45.49	44.75	45.72	44.77	45.41	47.99	47.75	43.86	43.76	43.3	42.34	41.58	41.09	41.2	40.69	44.25	45.75	44.96	45.95	54.46	56.86	78.35	81.48	58.18	51.52	49.14	45.63	43.88	42.78	41.44	40				
08-Mar-12	38.76	39.01	40.41	41.21	39.78	39.59	38.89	37.82	35.81	35.4	36.08	35.8	38.12	37.98	38.63	39.83	45.52	46.56	47.55	49.75	54.56	54.82	54.76	55.55	47.15	47.11	46.72	46.55	44.4	43.77	42.69	42.65	40.88	40.83	40.82	42.24	57.46	62.61	71.95	75.5	51.36	48.88	47.83	44.66	43.79	42.98	40.88	40.34				
09-Mar-12	36.46	35.7	35.56	35.6	34.63	34.65	34.01	34.27	34.05	33.64	33.47	33.39	36.97	39.26	40.07	40.5	49.08	50.69	50.56	51.56	50.35	50.51	50.78	50.91	45.03	44.08	42.88	42.3	42.18	41.84	41.23	40.76	39.63	39.8	40.65	41.96	53.32	54.41	56.6	60.87	53.35	50.04	48.29	48.41	46.1	45.68	45.55	44.01				
12-Mar-12	39.07	36.81	37.5	37.21	38.07	37.89	37.43	37.01	35.71	35.43	35.35	35.55	37.44	37.55	39.5	43.08	49.19	50.49	51.36	52.87	56.09	58.06	57.62	56.16	56.74	56.27	53.45	52.42	45.11	43.51	43.21	42.66	41.15	41.9	42.73	42.94	54.91	55.59	56.03	64.74	54.74	51.2	49.93	49.49	46.51	46.88	45.72	44.67				
13-Mar-12	37.52	36.86	37.17	37.37	35.5	34.68	34.69	34.52	34.12	33.98	33.89	33.94	35.13	37	39.51	42.47	49.27	57.19	56.51	55.58	59.82	59.69	58.13	57.84	57.98	57.44	58.21	57.28	50.69	48.38	47.99	48.45	47.49	47.74	47.99	48.91	53.25	59.41	69.84	71.52	62.08	54.36	55.22	49.13	47.91	45.84	45.43	44.04				
14-Mar-12	38.2	39.73	39.6	39.45	39.68	39.59	39.51	39.66	36.61	38.73	38.77	40.7	44.74	41.95	40.69	43.32	49.65	57.4	55.19	57.22	57.18	57.2	57.67	57.93	48.39	50.01	47.75	48.29	46.9	46.91	44.78	44.37	49.61	47.39	50.79	52.34	58.44	63.47	77.28	87.21	73.98	60.64	59.04	55.03	49.87	47.71	48.2	47.22				
15-Mar-12	39.88	42.79	43.71	41.53	39.85	38.17	38.34	38.38	36.45	36.22	32.49	34.89	39.13	39.43	41.93	43.92	43.75	47.84	46.45	49.52	58.02	58.91	59.54	62.13	67.19	70.11	68.63	59.69	43.55	42.74	42.6	41.92	43.69	43.55	47.75	45.74	60.17	58.83	65.64	71.51	71.52	61	59.89	58.88	52.76	50.75	48.51	45.95				
16-Mar-12	40.45	40.8	43.91	40.68	38.05	35.72	35.66	35.62	34.23	33.32	32.15	31.45	35.37	34.95	42.5	41.55	42.72	40.04	42.39	42.13	45.64	46.04	46.76	46.67	43.13	42.46	42.56	42.66	40.47	40.56	40.42	40.27	41.22	41.4	43.26	42.64	57.54	57.17	61.72	73.49	59.57	49.81	48.52	47.89	44.38	43.39	42.05	41.57				
19-Mar-12	46.41	48.36	48.63	48.96	46.36	46.09	45.24	44.5	43.93	40.62	39.79	39.18	43.17	43.19	42.6	42.22	51.78	50.75	53.25	54.4	54.68	55.19	54.32	54.12	55.6	54.54	54.3	53.27	43.11	42.88	42.1	41.26	43.94	42.58	43.95	43.52	55.53	51.53	63.93	76.32	52.94	47.21	46.06	44.97	43.52	42.7	41.99	40.8				
20-Mar-12	35.76	36.78	35.99	36.72	34.64	33.94	34	33.96	34.42	33.92	33.56	33.94	35.38	36.19	35.76	38	43.81	44.9	43.28	42.94	43.07	44.58	41.39	40.77	41.53	41.32	41.15	41.12	41.06	40.96	40.91	40.21	44.38	44.71	45.01	45.66	54.12	53.83	57.09	75.46	61.91	52.96	51.65	46.53	44.91	42.71	42.19	41.3				
21-Mar-12	38.14	37.84	38.14	38.09	37.8	36.61	35.54	35.4	31.97	31.62	32.34	31.69	36.51	36.15	43.41	50.03	54.85	58.06	58.26	63.54	58.05	58.23	57.73	56.16	44.42	44.11	43.81	43.59	42.48	42.04	41.87	41.7	46.22	46.06	46.4	47.84	51.14	50.84	51.22	67.2	68.14	59.06	53.35	49.7	49.58	47.36	46.29	43.12				
22-Mar-12	38.52	38.31	41.58	41.69	38.18	37.86	35.53	35.06	34.46	33.98	33.98	34.03	40.45	40.9	43.06	47.73	51.56	53.12	54.18	55.53	56.27	58.62	56.06	57.53	54.32	52.18	51.91	50.19	50.92	51.13	50.09	49.99	45.06	45.34	50.02	49.89	59.11	59.04	58.64	87.75	96.25	70.58	64.66	57.32	46.8	47.61	44.16	42.16				
23-Mar-12	40.57	40.66	40.51	40.61	42.77	42.64	41.34	41.06	35.44	35.35	34.4	33.55	40.01	39.9	45.14	47.24	45.01	39.11	47.83	47.21	49.32	49.75	49.73	49.76	48.21	45.28	39.02	38.05	38.81	37.95	38.22	38.07	40.32	40.72	39.28	39.61	42.84	42.84	41.53	49.35	56.45	49.87	49.32	47	46.87	48.05	47.9	46.41				
26-Mar-12	44.95	45.17	33.91	33.46	36.57	37.08	36.76	36.41	33.13	33.67	33.23	33.46	34.95	35.17	39.83	41.98	45.24	47.95	48.07	46.95	46.2	45.54	44.45	44.02	37.89	37.83	37.86	37.91	37.03	36.84	36.9	36.91	41.82	42.09	42.31	42.48	42.78	42.81	42.52	42.42	47.93	51.38	53.83	49.56	48.49	48.21	46.89	44.89				
27-Mar-12	39.77	38.97	37.53	37.2	37.9	37.91	37.48	37.35	34.83	34.85	34.18	34.23	37.54	37.7	42.66	43.74	49.32	49.97	51.03	52.94	53.96	55.83	57.95	58.13	52.61	54.77	54.3	52.84	52.4	51.67	50.07	49.86	50.06	50.46	50.13	51.5	53.73	54.65	52.57	52.84	58.45	64.12	73.46	60.14	51.9	53.03	51.23	45.95				
28-Mar-12	47.68	44.78	42.96	41.24	47.39	47.81	44.13	42.98	38.3	38.04	37.03	36.28	39.79	40.66	44.97	44.55	45.74	55.2	67.72	77.99	75.08	78.21	74.63	76.2	74.15	74.48	74.18	71.63	60.68	59.81	59.83	58.11	45.53	45.13	46.1	46.96	54.34	51	47.2	47.33	51.24	56.99	73.4	56.35	52.14	48.17	48.8	47.52				
29-Mar-12	47	36.23	36.59	32.78	34.66	34.76	34.55	34.43	33.79	33.51	33.24	33.56	34.59	34.46	39.58	42.58	46.19	48.06	52.98	52.69	54.22	57.01	56.55	56.06	55.22	57.15	56.64	53.88	67.9	65.69	66.11	64.77	50.89	51.49	50.79	51.67	55.5	53.36	49.89	48.72	55.09	61.18	64.12	63.18	44.3	43.53	44.31	43.3				
30-Mar-12	43.71	41.56	39.97	40.04	36.5	37.23	37.16	35.3	34.52	34.14	34.04	33.85	34.39	34.47	36.23	37.23	45.02	54.62	62.92	67.3	78.36	81.41	80.9	79.41	59.41	58.98	58.88	58.16	51.24	49.97	47.01	44.62	41.3	40.77	40.61	39.89	42.18	41.39	40.8	40.3	48.52	51.08	49.83	45.85	42.5	42.61	41.32	39.63				
02-Apr-12	45.69	46	43.56	42.98	43.2	43.15	42.95	42.98	40.56	40.43	39.71	39.29	42.07	43.06	42.77	42.75	51.64	53.06	53.85	57.88	59.59	61.53	60.43	61.71	61.11	60.33	58.48	56.66	48.44	46.14	47.16	45.98	47.58	47.56	48.72	47.83	53.4	51.9	50.84	50.51	49.87	51.03	52.72	51.35	48.16	48.53	48.93	48.11				
03-Apr-12	49.1	49.44	44.32	41.88	41.31	41.42	41.59	42.61	41.95	41.08	39.64	39.58	40.72	40.56	44.24	43.06	44.23	47.75	48.18	48.42	48.45	49.78	49.16	47.46	43.75	44.01	44.79	44.5	43.3	42.97	42.5	42.56	43.04	43.22	43.41	43.32	45.99	45.38	43.62	43.04	43.35	45.69	47.49	46	45.38	46.62	46.81	45				
04-Apr-12	42.38	41.34	38.42	36.59	38.94	39.29	38.49	38.34	37.44	37.29	37.07	36.75	37.61	37.68	38.43	38.99	45.56	45.19	45.22	45.15	48.6	49.04	50.99	53.95	53.87	51.9	53.95	52.68	50.75	50.83	51.27	51.52	51.55	51.79	52.17	54.5	56.39	56.14	52.7	51.78	47.55	47.7	48.62	47.71	46.58	46.52	45.96	45.06				
05-Apr-12	42.01	38.51	37.86	36.77	35.5	35.53	35.51	35.63	36.13	36.15	35.76	35.76	40.68	41.29	42.49	42.36	45.99	45.87	49.69	49.39	52.9	53.05	53.69	56.62	59.04	59.12	57.58	55.79	56.01	55.71	54.91	54.22	55.73	55.45	55.88	56.6	57.17	55.2	55.75	53.99	57.69	57.99	60.8	58.11	52.03	53.24	51.87	48.91				
06-Apr-12	45.14	44.6	39.02	37.22	41.62	41.97	42.04	41.34	39.39	37.78	36.71	35.86	38.88	38.01	41.94	42.54	44.2	44.94	45.42	45.46	47.22	48.22	52.78	52.46	50.53	50.27	50.16	48.84	44.97	44.32	43.78	43.81	45.76	45.82	44.95	44.24	49.83	49.41	49.63	47.91	51.95	52.42	54.52	54	50.49	46.87	43.77	42.08				
09-Apr-12	37.07	36.49	36.29	34.63	32.6	33.43	33.07	32.83	33.77	33.56	32.41	32.47	33.62	33.18	35.89	36.18	35.07	35.55	36.7	38.15	40.21	40.93	40.37	40.48	40.48	40.56	41.34	40.99	40.27	39.66	39.7	39.49	38.43	38.57	38.23	38.71	48.5	50.21	50.32	52.97	53.89	55.6	59.41	59.91	55.53	49.95	46.89	45.3				
10-Apr-12	37.21	36.53	35.25	34.16	34.97	35.05	34.88	34.83	32.98	32.03	31.25	31.2	31.69	31.33	33.48	36.56	41.83	42.49	42.81	40.84	40.97	40.88	44.36	45.19	47.76	47.83	47.68	47.31	46.36	45.57	45.67	45.61	45.03	45.48	47.02	47.23	49.49	49.64	49.65	49.27	51.85	51.5	52.22	52.46	47.6	45.74	45.38	43.68				
11-Apr-12	38.73	37.78	36.57	35.97	35.94	36.5	36.39	35.98	33.33	32.55	32.79	32.85	45.55	45.47	49.43	46.67	46.64	52.53	56.34	59.66	65.49	69.45	66.19	64.95	64.43	65.54	66.64	66.3	45.45	45.31	45.27	45.11	44.29	43.94	43.05	47.89	48.32	49.6	50.04	50.64	52.72	52.08	52.63	52.53	48.56	47.25	48	45.77				
12-Apr-12	44.05	42.55	41.43	37.43	39.38	41.46	39.89	38.64	34.56	33.58	33.62	33.4	40.12	43.23	43.64	43.83	48.4	54.05	51.86	53.38	55.8	64.78	67.07	67.55	66.13	69.47	70.61	68.01	56.9	56.05	56.01	55.35	52.28	52.68	53.52	54.29	53.79	53.02	52.18	51.48	54.24	52.44	62.29	60.54	52.93	49.86	48.64	47.14				
13-Apr-12	44.86	41.36	40	38.48	39.16	39.44	38.56	38.36	36.33	35.37	35.08	35.01	42.22	44.2	45.72	46.03	50.64	57.64	56.89	69.57	59.34	64.59	65.9	66.17	65.46	64.91	61.61	53.82	45	43.08	42.29	41.89	43.35	43.39	44.27	45.08	49.37	49.48	49.6	49.01	47.24	46.87	46.87	48.51	52.05	47.46	49.09	50.35				
16-Apr-12	45.28	42.75	42.04	41.39	42.33	46.44	45.25	45.45	46.08	46.81	42.84	41.58	41.73	38.9	42.28	40.91	51.99	56.25	54.22	54.06	69.35	77.44	77.07	74.77	63.47	65.33	64.22	63.8	54.34	52.89	51.45	50.55	50.71	51.17	50.91	51.43	53.25	53.21	51.68	49.2	52.16	52.6	53.1	53.8	53.36	50.39	47.39	45.7				
17-Apr-12	42.15	41.29	38.41	36.86	34.63	35.75	33.22	32.39	32.29	31.79	32.16	31.68	40.3	40.43	42.7	43.41	53.97	54.76	55.97	55.95	56.59	56.89	54.24	53.97	50.39	49.97	49.93	49.94	50	49.05	48.45	48.47	45.63	45.51	49.49	51.74	50.76	50.31	52.18	51.05	53.74	54.29	53.43	53.87	54.32	51.93	50.5	49.52				
18-Apr-12	41.44	37.55	35.78	33.89	33.19	33.16	32.53	32.13	31.31	31.27	31.35	31.36	40.45	41.24	43.44	45.36	53.78	56.86	58.18	57.7	58.09	58.17	54.64	49.83	46.32	47.2	47.89	47.82	47.38	47.36	47.14	47.16	47.87	47.75	49.17	51.81	50.14	49.91	49.15	48.55	49.88	49.77	49.07	49.31	49.19	49.2	48.33	46.6				
19-Apr-12	41.47	40.56	36.28	37.98	34.52	34.49	33.99	34.15	33.23	33.46	33.35	32.78	43.75	43.73	45.21	45.69	50.3	56.81	59.2	63.7	60.1	60.52	60.68	60.86	54.4	54.39	55.58	54.48	53.98	52.75	52.33	52.36	56.24	55.49	55.75	57.95	58.61	57.16	55.1	54.85	53.42	53.85	55.44	57.08	51.32	50.99	51.52	47.76				
20-Apr-12	44.25	37.61	37.48	36.31	36	35.98	37.16	36.62	35	34.78	34.32	34.16	44.47	43.31	42.63	43.58	55.03	56.76	59.95	60.23	57.41	59.36	61.33	64.99	54.15	53.06	53.01	52.11	51.27	50.52	50.4	47.95	46.56	46.57	46.48	50.16	50.65	49.69	49.44	49.38	50.51	50.54	50.82	51.67	53.58	51.21	50.33	50.55				
23-Apr-12	53.82	51.74	45.91	46.31	43.55	47.86	42.14	43.33	41.19	40.39	39.11	39.66	44.49	42.74	54.65	50.41	48.05	53.34	55.69	58.9	59.8	60.79	60.38	59.8	55.59	55.25	54.58	52.69	49.43	49.4	49.71	49.83	48.43	49.6	50.9	51.75	57.03	53.79	53.21	51.85	54.04	55.65	56.01	55.87	59.69	52.45	50.29	48.72				
24-Apr-12	48.85	40.86	34.61	27.64	31.42	33.37	32.08	32.52	34.18	33.96	33.55	33.39	32.54	32.63	39.61	41.95	43.24	51.21	51.1	51.7	54.14	55.96	58.39	57.22	59.8	59.9	66.16	60.52	54.54	55.05	54.71	52.86	48.43	50.31	49.13	51.69	52.88	50.69	50.91	50.37	51.41	51.37	51.69	52.47	56.18	52.06	50.45	48.91				
25-Apr-12	47.4	44.84	43.54	40.48	40.02	40.48	39.74	39.09	34.57	33.18	32.84	32.95	36.92	36.2	36.77	39.28	44.66	49.13	49.24	51.71	53.03	54.23	53.4	51.96	51.46	52.95	50.88	50.42	49.41	47.15	44.48	42.87	43.94	45.32	47.41	47.63	50.43	49.4	49.6	49.37	52.67	53.17	52.86	53.92	54.25	51.9	51.25	48.73				
26-Apr-12	46.64	41.1	33.53	30.08	31.15	31.12	30.84	30.89	30.89	30.79	30.72	29.37	30	29.47	34.12	36.46	34.84	38.74	37.95	37.93	47.82	51.38	52.09	53	57.31	59.2	60.84	55.5	50.7	48.93	47.28	45.96	52.62	52.79	53.76	53.73	54.48	52.88	52.41	51.53	50.18	50.02	50.82	51.37	51.64	50.52	47.63	48.27				
27-Apr-12	43.83	42.34	33	30.51	32.99	32.79	32.7	31.99	30.94	30.89	30.95	31.45	44.17	43.78	39.23	42.03	48.28	49.2	45.86	47.06	50.31	53.78	55.55	57.15	59.31	59.43	59.12	57.39	51.3	50.48	48.73	47.14	40.87	40.38	43.09	45.99	48.65	47.32	46.33	45.01	46.15	46.03	44.15	44.85	45.32	44.08	46.45	46.12				
30-Apr-12	42.38	39.19	33.6	34.85	30.33	35.09	32.98	31.84	32.7	31.64	32.57	32.02	32.77	33.27	34.09	38.04	55.65	57.51	48.49	47.71	49.48	50.56	50.01	49.75	48.5	48.43	48.21	48.23	43.64	43.56	43.36	43.34	42.57	42.32	42.32	42.45	43.03	42.32	41.35	40.84	41.76	41.83	41.04	43.02	41.81	41.13	40.81	40.12				
01-May-12	31.65	31.13	29.75	29.6	30.4	30.51	30.41	30.32	30.08	30	30	30	30	30.33	31.97	30.67	41.14	41.35	42	40.91	42.22	37.46	41.69	42.17	41.76	42.17	42.94	42.58	42.32	42.21	42.39	41.83	43.34	44.02	45.01	46.92	49.12	46.83	46.43	45.8	49.83	49.87	50.14	51.29	52.95	49.85	47.58	45.85				
02-May-12	38.07	38.91	38.69	35.77	36.36	40.79	38.89	35.06	35.17	33.47	33.01	32.94	34.68	34.62	40.49	42.35	51.57	59.09	65.74	67.87	66.3	67.09	65	64.95	57.05	57.11	57.63	56.17	47.21	46.87	46.71	46.08	44.85	45.21	47.18	48.34	52.66	47.74	46.95	45.61	48.3	47.27	48.08	47.89	47.96	46.29	45.3	44.82				
03-May-12	38.49	40.79	39.34	37.99	38.29	37.54	35.33	35.88	36.35	36.17	35.88	35.01	38.96	38.14	46.42	42.67	46.98	51.03	50.34	50.73	46.17	48.21	48.62	49.21	47.39	49.78	50.79	48.55	54.87	51.18	50.07	48.14	53.48	54.89	57.73	58.02	59.67	58.65	57.97	54.5	51.55	51.62	52.14	52.87	53.01	49.31	48.92	47.91				
04-May-12	47.76	45.48	45.66	44.67	48.27	45.75	46.2	45.19	39.1	36.77	36.71	36.76	41.64	39.86	44.16	45.75	49.9	54.81	53.73	55.14	58.02	59.74	62.11	66.14	67.01	69.89	69.55	67.22	65.18	64.22	62.21	61.05	60.91	61.66	62.96	68.14	68.68	62.56	60.22	58.25	60	59.52	60.51	62.2	62.96	58.91	53.7	52.29				
07-May-12	43.71	41.94	42.84	40.38	41.59	42.15	40.86	40.6	39.9	39.63	39	38.49	39.39	38.75	40.52	41.03	40.6	44.3	39.74	40.23	40.01	40.06	42.7	42.98	41.84	42.27	42.05	41.29	38.8	38.62	38.49	38.41	38.16	37.86	39.15	42.72	50.64	51.61	51.59	49.95	44.82	44.54	42.43	44.82	49.48	43.96	41.12	41.08				
08-May-12	39.36	36.57	34.53	34.5	34.17	33.18	31.99	32.19	31.21	30.7	30.83	30.65	32.18	32.87	32.36	36.08	54.38	55.62	58.07	58.19	67.6	70.74	71.82	72.87	74.8	76.77	74.81	73.03	70.57	71.3	65.62	64.96	49.74	49.33	52.56	56.06	56.62	52.02	48.38	44.97	51.49	51.28	50.84	51.64	55.19	48.71	47.77	46.57				
09-May-12	44.59	43.96	39.21	35.45	37.4	40.72	41.3	38.82	37.94	37.59	37.57	36.77	37.52	38.22	39.07	36.56	51.54	52.65	55.37	61	68.64	70.41	70.79	70.41	68.86	69.98	72.75	70.91	67.98	65.51	66.24	65.85	52.9	54	56.17	57.64	55.82	55.63	53.67	52.47	49.74	49.91	49.55	49.56	50.29	49.02	46.63	45.12				
10-May-12	41.53	42.77	42.54	39.87	38.57	41.81	36.24	35.84	33.52	31.95	31.78	31.52	32.76	33.67	38.89	38.64	47.08	47.24	51.84	51.57	56.69	57.2	58.44	57.11	59.53	59.92	62.87	64.51	62.78	57.85	57.09	56.98	57.55	57.02	62.65	64.98	69.53	65.23	61.09	59.36	51.02	51.19	52.2	51.65	50.3	49.04	47.46	46.52				
11-May-12	42.46	38.95	37.65	35.96	37.13	37.5	37.11	36.64	32.44	31.91	31.95	31.89	33.33	34.13	37.64	37.64	46.26	45.64	47.48	46.67	48.88	48.68	47.88	47.81	50.49	51.38	51.11	48.81	45.49	44.78	44.09	43.67	43.42	43.82	44.12	46.38	47.59	47.32	45.39	44.96	47.39	47.26	47.12	46.61	47.01	46.19	45.85	44.31				
14-May-12	39.17	35.08	32.01	29.05	29.49	29.42	29.11	28.91	28.39	28.41	28.39	28.44	29.54	29.99	34.49	35.71	42.93	41.92	43.44	43.22	61.98	58.23	63.05	60.81	50.57	52.45	53.51	53.02	49.81	50.29	49.43	48.32	50.31	51.31	53.32	56.67	57.37	55.76	54.29	52.93	48.2	49.02	49.07	48.11	48.45	49.53	48.25	48.6				
15-May-12	43.36	40.6	40.04	39.55	39.14	39.62	39.61	40.02	38.56	37.79	37.24	37.21	40.66	38.93	42.05	40.61	50.01	50.53	52.64	54.45	55.79	56.73	58.03	58.27	59.09	59.09	59.08	55.09	52.07	50.16	51.32	49.38	49.9	50.11	51.06	51.96	51.44	50.25	49.29	48.76	45.35	45.61	45.51	45.72	46.33	46.07	45.86	45.96				
16-May-12	45.8	43.04	39.21	39.71	40.01	42.82	41.95	42.16	39.72	39.48	39.26	39.15	38.97	39.28	42.1	37.88	46.82	43.83	41.92	47.45	48.61	50.35	50.91	50.26	58.11	59.03	60.33	57.46	52.61	49.11	49.01	47.36	44.35	44.11	50.64	53.04	62.12	55.18	47.94	46.8	46.35	45.84	45.87	46.25	48.36	48.2	45.76	46.48				
17-May-12	45.53	45.37	40.92	40.28	43.44	44.61	46.55	45.41	40.23	40.33	40.4	40	39.33	39.9	43.78	37.85	47.56	41.86	44.68	45.35	47.18	47.35	47.29	47.59	47.28	46.31	47.23	46.06	42.43	41.89	41.91	41.14	43.96	46.61	52.31	53.58	55.07	54.64	50.57	49.35	45.85	46.04	45.76	45.35	45.5	45.45	45.4	45				
18-May-12	41.81	36.58	37.15	35.16	32.66	32.49	33.13	32.32	29.51	29.23	28.7	28.69	29.13	29.79	39.44	37.68	45.33	43.18	43.2	43.69	52.09	52.17	52.51	52.98	51.02	50.44	50.12	48.34	42.6	42.97	41.33	40.84	42.37	41.41	41.86	42.78	43.81	43.55	43.16	43.37	41.85	41.71	41.46	42.34	43.08	42.92	43.61	43.3				
21-May-12	43.12	38.57	33.02	32.49	31.07	31.45	31.28	30.83	29.64	29.53	29.38	28.77	30.09	30.23	32.98	34.66	43.86	44.6	46.84	46.44	65.45	65.9	73.19	72.39	71.79	66.16	57.39	56.54	42.65	41.4	40.35	38.31	39.25	39.51	40.06	40.59	42.48	42.07	41.64	41.32	41.79	41.6	41.46	41.42	41.38	41.43	41.65	41.84				
22-May-12	35.27	31.95	30.51	29.61	29.51	29.56	29.52	28.43	27.84	27.75	27.93	27.66	28.85	28.96	31.88	32.74	40.77	40.54	40.6	40.91	38.82	38.91	38.6	38.38	36.82	36.58	36.55	36.15	36.33	36.09	36.12	35.98	38.27	38.52	39.3	39.65	40.36	39.81	39.25	39.77	42.41	41.59	40.7	40.67	41.28	40.93	41.06	40.78				
23-May-12	38.71	36.26	39.36	33.01	32.73	33.27	33.29	32.5	32.59	32.21	32.33	31.68	32.08	32.06	34.52	37.39	44.27	45.48	47.65	48.9	51.34	52.27	51.96	53.19	53.74	53.93	53.7	53.36	52.86	51.88	50.56	44.1	43.18	43.2	44.31	50.22	52.19	46.66	46.65	46.95	44.38	42.91	42.26	42.21	44.06	45.99	44.33	42.7				
24-May-12	37.82	35.44	33.78	30.67	30.65	31.33	30.51	29.65	28.53	28.44	28.56	28.22	30.76	30.44	35.79	38.58	42.68	42.99	42.51	45.16	44.98	47.82	49.05	49.73	54.26	66.92	64.78	57.75	58.25	57.77	58.17	57.02	54.96	56.83	57.47	61.86	58.85	52.7	51.58	51.87	47.08	51.81	49.96	48.32	47.47	47.57	47.81	47.38				
25-May-12	41.53	40.33	39.55	38.84	33.33	32.92	31.94	30.91	30.59	30.21	30.12	29.84	30.46	30.52	35.77	34.55	39.43	40.45	45.77	45.29	55.23	60.08	59.36	57.51	54.13	52.26	50.54	50.07	41.21	41.22	39.96	39.25	39.59	40.45	40.84	45.68	43.61	42.15	42.58	42.68	41.7	42.06	40.29	40.29	40.06	41.18	41.06	40.49				
28-May-12	38.9	38.84	37.79	38.11	36.54	35.62	35.71	35.09	32.97	32.87	32.2	32.05	31.52	31.25	33.21	34.05	41.41	40.26	41.94	48.99	58.96	57.86	56.85	59.26	52	51.25	51.96	51.87	50.18	48.9	48.09	47.87	44.56	46.18	48.37	53.25	49.44	50.71	46.1	45.58	44.97	44.73	44.82	44.38	44.96	47.34	46.47	44.96				
29-May-12	43.42	40.2	37.49	35.39	33.08	33.39	34.57	33.23	29.9	29.9	29.88	29.7	37.82	38.78	38.29	38.42	46.96	48.88	47.57	48.48	58.76	59.32	59.06	58.87	57.11	57.51	56.59	56.16	55.22	55.5	54.72	54.52	49.74	49.61	54.82	60.41	59.78	52.96	52.26	50.28	51.79	50.64	49.64	48.47	48.36	48.39	49.22	47.19				
30-May-12	42.05	40.92	30.24	30.02	30.9	30.71	30.86	30.98	30.03	30.01	29.99	29.87	34.54	34.8	36.24	37.87	42.81	42.8	42.06	41.9	52.63	53.11	53.22	52.92	51.57	51.88	51.74	51.54	51.56	51.38	50.78	50.47	49.54	50.44	51.84	53.48	52.8	50.97	51.01	47.87	43.56	42.99	42.6	41.6	43.38	42.51	44.1	43.18				
31-May-12	38.88	35.6	34.43	31.92	34.74	33.76	31.76	31.21	30.4	30.32	30.4	30.21	32.21	32.24	36.5	35.36	43.36	43.42	41.93	46.39	49.4	49.55	49.19	49.05	49.25	49.54	49.94	49.83	50.08	50.12	49.96	49.22	48.07	48.14	48.25	48.43	49.08	48.47	47.76	47.88	44.52	45.04	44.91	45.2	44.3	44.38	44.28	44.32				
01-Jun-12	44.13	38.62	34.96	33.06	33.21	32.37	31.76	31.5	30.85	30.59	30.47	29.96	30.36	30.15	32.35	33.85	44.74	44.62	43.79	47.82	49.8	50.47	50.53	50.3	51.24	51.19	51.37	51.93	53.43	53.02	46.52	46.05	45.53	46.08	48.08	49.13	48.8	49.1	46.29	46.7	44.2	44.13	44.07	43.9	44.1	44.48	44.42	44.32				
04-Jun-12	35.57	36.21	32.04	30.73	29.31	28.19	28.11	27.39	27.54	27.56	27.46	27.3	28.53	28.48	28.59	31.08	35.9	37	38.04	38.54	39.04	40.7	43.12	46.41	44.87	46.09	45.68	44.68	43.68	42.67	41.59	41.73	41.04	39.49	39.69	40.94	42.14	42.25	42.05	41.73	39.97	39.71	39.77	39.85	39.63	39.65	39.54	39.64				
05-Jun-12	39.18	38.18	36.09	33.21	33.75	30.13	28.13	27.94	28.8	28.75	28.78	28.52	29.6	29.66	33.62	35.96	36.89	39.01	39.89	41.23	48.58	54	57.12	58.52	59.38	59.41	55.52	55.49	49.05	48.22	47.91	47.69	45.49	44.67	43	42.93	47.5	47.33	47.58	48.1	45.51	44.87	43.98	43.81	43.57	43.35	43.31	41.46				
06-Jun-12	39.31	38.87	36.63	31.69	32.1	31.2	28.77	28.4	28.84	28.76	28.83	28.63	29.95	30.5	36.43	38.53	39.76	40.94	44.93	48.13	54.35	55.2	55.78	55.32	51.01	50.89	51.73	50.88	48.49	46.73	46.16	46.12	42.79	42.71	43.75	44.75	44.84	44.95	44.48	44.6	44.32	44.26	43.58	43.81	43.54	44.34	44.22	43.75				
07-Jun-12	42.93	42.36	38.58	35.08	31.73	31.12	30.45	30.37	30.41	30.28	30.19	30.13	30.14	30.2	34.98	36.8	38.48	39.66	42.26	42.36	45.66	48.38	49.65	51.2	52.43	52.29	53	51.34	49.34	49.46	49.66	49.15	50.78	51.45	50.38	50.25	51.53	50.81	50.54	49.29	45.29	45.07	43.65	43.47	43.22	43.49	41.81	41.16				
08-Jun-12	38.07	34.65	33.55	31.14	26.76	26.5	26.31	26.5	26.33	26.82	26.73	26.43	28.9	28.87	30.11	32.86	39.64	43.71	43.89	47.79	54.64	60.86	72.49	76.06	68.82	70.29	67.65	64.91	62.69	61.33	60.48	60.55	52.41	51.93	51.18	50.21	52.28	50.25	48.85	47.91	46.83	46.16	46.25	46.21	45.8	45.76	47.11	46.47				
11-Jun-12	41.36	37.89	35.36	35.69	32.5	31.98	31.82	32.68	31.3	31.28	31.69	31	34.31	33.24	34.03	35.41	50.84	59.39	60.83	68.15	88.9	89.69	91.04	93.09	79.42	79.54	79.59	80.1	78.93	77.81	77.87	75.99	61.86	65.45	66.73	69.79	75.81	73.36	70.85	70.08	59.13	60.68	59.93	58.7	56.36	56.9	55.21	53.29				
12-Jun-12	46.5	46.02	41.21	39.07	38.75	37.86	38.76	39.06	32.55	32.44	32.67	32.39	35.13	34.83	39.8	37.98	45.53	47.08	46.21	47.77	43.97	44.48	44.76	44.93	50.33	50.53	50.3	49.62	49.76	48.3	48.41	46.26	47.46	47.51	49.65	52.47	51.5	48.38	46.86	44.14	42.39	42.48	42.7	42.51	42.08	42.97	43.07	42.71				
13-Jun-12	42.81	38.73	34.25	32.29	31.69	32.09	31.33	31.3	31.19	30.99	31.03	30.52	32.11	32.04	38.01	37.89	45.21	44.49	47.5	51.17	51.36	51.91	52.02	51.74	49.97	50.04	50.55	49.96	47.67	47.69	47.39	47.08	49.65	52.29	52.01	52.34	53.76	51.7	50.47	47.55	44.36	44.14	44.08	43.86	43.63	43.71	43.51	43.28				
14-Jun-12	39.12	35.52	33.58	33.31	32.44	32.33	32	31.71	30.56	30.67	30.8	30.21	33.47	32.59	39.63	37.29	47.74	46.65	47.04	51.68	50.5	50	49.66	48.9	44.53	43.94	43.87	43.2	43.14	41.82	41.23	41.54	41.31	41.14	41.45	41.48	42.12	40.94	40.57	40.95	41.03	41.24	40.85	40.17	40.25	39.98	39.08	39.88				
15-Jun-12	34.71	32.05	30.68	29.1	28.05	29.19	27.74	27.83	26.51	22.47	23.04	23.49	26.63	25.06	39.66	43.63	45.15	42.06	41.16	41.54	45.71	47.17	48.43	49.7	55.21	55.18	54.38	51.31	43.91	43.15	41.55	39.72	38.49	38.34	39.15	39.78	38.79	38.19	38.92	39.12	38.96	40.31	40.75	41.24	41.48	41.63	41.42	40.66				
18-Jun-12	44.33	37.75	34.27	34.51	31.49	31.74	29.9	29.44	30.5	30.07	29.06	29.29	29.82	29.44	34.65	36.11	40.31	37.1	39.98	40.03	42.21	42.34	42.45	42.68	44.65	44.76	45.75	44.94	43.9	42.76	43.21	43.34	43.21	43.32	43.96	44.48	46.39	45.4	45.21	45.07	43.75	43.13	42.25	41.71	43.88	44.18	44.99	44.73				
19-Jun-12	42.89	39.09	34.58	32.83	31.43	31.92	31.13	31.2	28.82	28.66	28.63	28.55	31.35	32.06	35.55	35.75	43.76	44.37	45.66	47.89	47.44	48.66	49.01	50.36	49.8	50.12	51.66	50.09	49.76	49.72	49.61	48.54	41.73	41.1	45.34	47.9	51.68	49.08	46.38	45.96	41.46	42.06	41.13	40.91	41.43	41.66	41.94	40.8				
20-Jun-12	42.3	38.26	34.51	33.61	30.56	30.64	30.43	30.19	30.68	30.12	30.24	30.04	32.51	32.61	35.99	37.62	44.33	45.18	47.07	47.82	49.59	50.85	51.83	52.3	52.1	51.94	51.34	50.76	50.74	50.32	50.8	50.57	44.17	42.81	43.39	43.58	44.55	43.44	43.2	43.34	42.93	42.29	40.9	40.85	40.35	40.68	40.79	40.08				
21-Jun-12	39.55	33.73	32.85	32.06	31.22	30.98	30.58	29.83	28.83	28.92	28.71	28.57	30.59	30.2	34.21	39.11	43.43	42.17	47.12	47.48	54.18	54.37	55.88	55.58	54.9	55.19	55.16	53.36	54.73	54.49	53.67	53.75	55.5	59.64	61.9	59.6	70.05	68.24	62.21	61.22	51.08	46.9	45.56	45.33	44.64	44.43	44.9	44.56				
22-Jun-12	40.79	39.77	39.38	37.86	34.11	33.67	32.89	32.47	31.97	31.93	31.6	31.19	32.89	32.61	39.31	39.17	40.91	42.19	48.65	49.36	55.26	58.28	57.17	59.06	53.45	53.51	55.32	55.05	49.69	48.99	49.35	48.64	41.7	41.57	41.9	41.98	43.55	42.31	41.7	41.09	40.64	42.41	41.67	41.95	42.75	43.28	41.13	41.98				
25-Jun-12	40.66	36.69	32.9	31.74	29.44	29.15	29.02	28.41	28.46	28.39	28.21	27.81	25.8	25.56	32.62	32.68	35.98	35.91	37.08	35.34	40.26	42.67	42.27	46.24	55.69	62.78	64.91	62.33	66.71	63.63	62.72	62.19	62.96	63.98	64.4	64.87	64.51	62.29	57.8	58.37	45.25	45.5	45.73	45.17	45.14	45.11	45.26	44.93				
26-Jun-12	40.18	41.56	42.61	39.86	32.47	32.99	32.81	32.58	32.25	32.45	32.55	31.91	33.17	34.6	37.39	36.34	42.46	42.01	42.11	40.94	46.06	48.43	48.98	48.71	51.07	51.22	49.29	50.67	49.61	50.36	49.76	49.43	50.26	50.39	51.55	51.34	52.66	50.38	47.89	46.31	41.82	42.02	42.49	42.31	41.31	41.4	42.41	41.52				
27-Jun-12	39.33	38.05	33.71	32.7	30.86	31.15	30.9	30.67	30.57	30.57	30.56	30.1	31.02	30.52	30.97	32.57	44.48	39.27	39.41	39.44	41.1	42.43	42.89	43.17	45.65	45.87	48.25	49.1	48.14	47.37	48.18	49.01	51.58	52.31	53.29	60.66	55.2	52.18	51.72	51.58	48.29	51.56	51.47	50.26	48.26	47.29	47.79	44.56				
28-Jun-12	40.86	40.11	42.68	39.32	34.52	34.54	33.63	33.4	31.69	31.69	31.8	31.01	33.15	35.36	39.86	38.41	44.5	44.42	44.21	45.94	50.83	51.15	53.94	52.88	58.01	59.25	62.09	58.72	58.94	61.89	60.44	59.5	62.39	64.62	74.82	90.18	79.25	74.06	65.03	50.28	46.15	49.38	44.66	45.05	45.32	44.68	44.96	43.48				
29-Jun-12	42.45	41.95	37.34	31.85	30.57	30.9	30.1	29.79	29.89	29.82	29.46	29.41	30.92	31.35	40.81	40.77	43.51	41.23	41.16	41.22	42.2	45.21	44.71	44.52	45.17	45.03	46.06	44.58	39.56	39.56	39.11	38.36	40.16	40.25	40.36	40.28	42.6	41.76	41.08	40.88	41.95	42.78	42.19	42.28	41.06	41.15	42	40.39				
02-Jul-12	38.2	36.55	31.05	30.06	30.43	30.37	30.44	30.2	30.14	30.11	30.09	29.91	30.5	26.97	34.1	37.13	40.57	40.29	39.04	39.59	50.95	51.41	50.79	50.76	45.76	46.31	43.81	44.1	43.84	44	43.34	43.26	43.04	44.35	44.35	50.05	51.42	49.33	53.92	52.69	44.65	44.49	45.13	43.37	43.02	43.12	42.52	42.04				
03-Jul-12	40.21	37.96	32.19	32.34	31.2	31.15	30.17	30.18	29.86	30.32	30.38	29.71	30.66	31.38	41.14	42.57	41.61	40.6	41.56	44.03	58.73	62.47	60.86	61.49	60.4	58.86	60.51	59.53	58.72	58.77	59.52	58.91	54.62	49.41	55.14	57.18	59	57.1	55.97	53.35	48.1	49.7	47.66	47.21	47.58	47.34	46.44	45.51				
04-Jul-12	39.95	39.54	41.38	36.69	36.79	35.95	36.07	36.09	32.73	33.14	32.8	32.58	35.82	36.82	41.79	45.53	47.74	47.15	47.05	47.77	50.12	50.35	49.78	50.73	53.69	54.82	53.61	54.15	55.81	58.9	59.25	59.45	58.84	60.02	71.51	82.13	72.13	70.64	68.14	67.83	49.81	51.34	50.17	49.04	46.08	45.78	48.02	46.28				
05-Jul-12	42.8	44.34	43.57	34.45	34	33.63	33.35	33.37	31.57	31.52	31.41	31.32	35.19	35.23	42.06	43.05	43.86	43.74	45.62	47.31	50.06	52.89	53.78	54.6	55.01	55.08	54.53	53.66	52.45	51.96	52.55	52.44	48.75	50.56	55.39	59.66	57.43	52.97	47.04	47.08	47.04	48.61	48.68	47.92	46.38	46.37	46.8	47.18				
06-Jul-12	41.89	39.4	41.25	38.55	36.56	34.47	33.34	33.02	32.16	32.09	32.82	31.73	38.38	39.14	38.7	39.29	42.78	42.33	43.18	46.87	67.82	67.55	67.28	67.23	64.87	64.99	63.12	62.79	53.3	51.99	50.06	50.1	46.3	45.81	45.39	45.64	45.87	45.2	45.11	44.58	46.93	46.54	46	45.68	46.01	45.97	46.61	46.11				
09-Jul-12	46.01	42.5	40.04	36.64	35.13	32.63	32.06	31.59	32.73	32.93	32.43	29.93	30.37	30.76	34.81	34.55	37.19	43.03	43.58	43.89	52.55	52.87	52.61	53.37	56.61	57.57	59.78	59.9	65.45	64.62	63.78	63.49	60.86	63.79	67.05	68.87	65.52	65.23	61.46	59.18	53.24	52.95	52.17	51.18	51.77	51.19	51.01	50.14				
10-Jul-12	45.29	45.48	42.83	39.46	34.59	33.57	33.17	33.1	32.19	32.28	32.4	31.43	36.58	36.59	41.45	41.51	43.37	40.24	40.28	42.58	52.51	54.44	64.05	62.01	62.85	62.74	62.29	61.49	56.59	57.44	55.97	52.36	45.74	44.72	46.82	52.41	52.67	50.75	49.98	49.37	47.35	45.35	44.7	44.21	45.15	45.05	44.65	43.47				
11-Jul-12	40.56	40.59	33.02	34.64	32.82	31.55	31.8	31.74	30.59	30.24	30.2	30.06	30.59	30.47	33.46	37.28	39.93	39.15	37.93	40.05	48.99	51.28	51.41	52.82	57.57	57.22	62.11	59.99	56.68	55.23	52.63	52.68	52.6	50.7	50.7	53.01	46.17	45.18	43.08	42.36	44.19	44.99	44.27	43.14	43.93	44.24	45.36	41.43				
12-Jul-12	40.67	38.43	32.94	32.09	31.67	31.01	30.46	29.97	29.4	29.37	29.19	29.43	29.72	30.46	33.32	35.62	39.64	41.63	44.47	43.67	45.59	45.95	45.85	46.03	52.25	54.26	58.49	58.32	62.72	60.84	59.91	58.34	59.8	59.6	60.17	61.89	59.29	57.14	55.66	56.11	49.29	49.7	49.53	46.33	45.82	45.54	46.7	45.38				
13-Jul-12	45.66	42.62	45.07	40.79	41.77	40.25	35.63	34.9	32.81	32.73	32.69	32.59	32.45	35.07	36.54	38.3	42.39	42.42	42.7	42.56	47.96	47.69	52.88	52.83	51.57	51.23	49.8	48.57	47.71	47.69	47.94	47.44	44.27	43.08	44.52	46.99	47.25	45.24	44.17	44.15	44.94	45.68	42.55	42.07	42.91	43.6	44.72	44.31				
16-Jul-12	39.43	39.23	35.39	35.11	34.56	33.86	31.85	31.79	29.97	29.99	30.09	29.98	30.58	31.1	33.31	36.41	42.52	46.53	44.58	42.42	44.62	44.08	44.21	44.27	42.66	45.43	45.38	44.79	44.91	43.21	42.07	42.04	41.92	42.04	43.23	48.5	48.72	45.06	44.03	43.14	45.01	44.7	42.78	42.54	42.09	42.18	41.89	41.73				
17-Jul-12	38.45	35.34	32.56	30.21	30.65	31.02	30.56	29.98	29.01	29.21	29.63	29.56	30.12	29.92	33.32	35.67	42.16	41.47	42.97	43.99	47.47	48.58	47.79	48.9	47.07	46.36	44.79	45.48	43.38	43.8	44.18	45.22	48.77	49.11	51.11	53.1	52.06	51.06	49.23	48.65	46.3	45.26	44.34	43.94	44.17	43.96	42.08	40.87				
18-Jul-12	40.34	36.97	34.01	32.06	30.93	30.73	30.48	30.14	30.14	30.26	30.14	30.23	31.74	31.51	34.4	36.57	40.89	42.32	43.89	50.26	51.69	51.62	48.35	50.37	49.81	50.04	51.13	51.33	50.2	49.96	48.01	47.19	42.67	40.88	47.78	52.55	55.68	51.58	49.21	50.47	51.99	52.17	51.65	51.7	46.24	45.58	45.21	45.25				
19-Jul-12	42.38	38.6	39.13	36.02	34.74	34.68	34.54	34.96	30.53	30.55	30.89	30.45	31.16	32.63	37.6	38.46	43.3	44.36	45.08	47.42	49.24	49.66	49.86	49.69	52.48	53	53.25	53.18	52.42	52.29	51.94	52.17	52.23	52.71	54.52	54.8	54.3	53.75	53.47	51.1	47.09	47.5	45.9	45.51	44.93	44.77	44.06	44.73				
20-Jul-12	45.41	45.06	43.22	42.75	33.21	33.77	33.7	33.47	31.9	31.92	31.93	31.81	31.26	33.24	38.04	38.22	42.07	40.66	41.03	44.42	49.64	50.3	52.48	53.63	55.36	55.84	56.18	56.89	51.33	49.64	48.17	46.97	45.53	46.09	47.35	46.81	46.48	44.21	43.11	42.58	41.61	41.29	40.26	40.04	40	40.24	40.78	41.34				
23-Jul-12	38.16	37.01	29.68	28.92	29.07	29.5	28.33	28.25	27.46	27.29	27	26.77	29.47	28.67	28.27	29.62	36.84	36.06	36.88	38.81	32.51	35.78	36.57	36.14	38.66	40.58	39.91	38.78	38.28	37.53	36.19	36.23	44.19	43.78	43.97	45.15	47.37	46.46	45.02	44.48	43.55	43.41	41.89	41.31	42.46	43.05	42.72	42.4				
24-Jul-12	39.81	38.93	33.27	32.79	32.97	32.36	32.24	32.44	32.31	31.94	31.83	31.54	32.35	32.35	36.64	36.8	39.56	39.14	44.13	46.79	52.19	55	58.32	61.79	61.74	61.5	62.76	61.74	58.34	57.35	58.29	57.08	58.74	58.75	58.47	58.58	62.97	60.99	55.02	56.56	49.94	48.13	45.56	45.46	45.25	44.99	44.7	44.28				
25-Jul-12	41.17	41.87	45.71	44.1	45.94	41.44	37.54	35.04	34.05	34.54	35.6	36.14	40.85	41.28	44.28	42.9	40.98	40.4	43.14	46.82	41.54	38.68	38.37	40.07	39.6	40.08	40.6	40.52	41.33	41.21	42.02	42.2	48.45	49.01	49.28	49.15	51.15	50.85	50.69	50.03	47.42	46.09	45.88	45.87	45.42	45.8	44.86	43.62				
26-Jul-12	39.69	37.15	33.97	33.19	32.8	32.87	32.05	31.74	30.97	30.93	31.39	30.94	31.42	31.54	34.01	34.17	41.86	41.24	40.27	41.15	38.38	38.94	38.88	38.88	41.96	42.35	42.65	42.76	40.72	40.58	40.6	40.51	44.32	45.32	51.68	60.05	54.24	51.06	48.87	45.98	44.32	43.04	42.27	41.35	42.83	42.69	42.55	42.61				
27-Jul-12	41.51	40.94	35.31	35.2	33.95	33.42	33.43	33.24	32.7	32.66	32.72	32.96	33.87	34.29	37.5	41.38	42.66	43.7	40.17	46.71	47.23	49.7	49.15	48.86	45.66	45.7	45.69	44.68	42.58	41.3	42.33	40.84	39.96	40.08	39.37	40.27	40.75	40.9	41.56	40.84	41.16	41.8	41.28	41.5	42.42	42.68	42.41	42.77				
30-Jul-12	36.93	34.98	31.4	31.11	30.71	30.28	30.78	29.64	29.79	29.85	30.21	30.3	30.95	30.16	34	34.34	39.58	38.86	38.52	38.74	38.28	39.22	38.93	39	40.77	40.33	40.49	39.78	39.09	39.24	38.06	38.31	41.09	40.8	41.36	41.81	42.31	41.72	41.76	41.33	42.03	41.84	41.14	41.19	42.85	42.65	42.51	42.27				
31-Jul-12	39.21	37.33	35	33.18	30.78	31	30.21	30.11	30.27	29.92	30.33	30.22	32.67	32.45	39.63	40.3	38.74	38.57	39.82	40.43	42.33	42.95	42.24	43.38	48.68	49.11	49.99	47.83	42.73	42.34	41.87	41.43	40.86	41.04	41.61	43.39	43.96	43.75	42.72	42.19	42.03	41.74	42.43	42.09	42.35	42.22	41.1	40.88				
01-Aug-12	43.33	35.33	34.65	32.13	31.82	32.62	31.34	30.28	29.42	29.24	29.31	29.37	31.97	32.53	37.87	37.6	39.57	39.06	39.73	52.26	60.52	62.82	63.02	62.72	60.44	60.26	60.51	61.63	59.2	59.4	59.15	58.21	56.08	56.86	56.94	59.06	56.64	55.06	53.2	46.41	41.96	41.59	40.5	39.47	39.19	38.82	38.57	38.83				
02-Aug-12	40.49	39.53	35.82	30.94	31.62	31.38	29.89	29.66	29.26	29.24	29.15	29.07	29.11	28.83	39.35	34.15	35.95	36.56	35.32	36.32	39.27	39.71	39.7	39.45	40.59	40.53	40.66	40.44	40.49	40.55	40.34	40.04	42.03	41.66	41.25	40.75	41.72	40.54	39.89	38.97	40.01	40.53	38.94	38.53	38.65	37.75	37.98	37.36				
03-Aug-12	34.02	32.72	31.09	29.11	30.16	29.72	29.44	29.32	28.43	28.49	28.64	28.55	29.4	30.72	32.92	34.99	39.44	39.91	40.44	43.14	41.56	40.74	40.71	40.39	40.78	40.71	40.32	40.07	39.49	39.44	38.86	38.43	39.96	39.65	40.04	40.44	41.42	41.14	41.06	40.85	39.64	39.36	39.23	39.1	39.44	39.63	39.49	38.6				
06-Aug-12	46.51	39.31	37.8	33.08	33.16	31.46	31.24	31.01	31.13	30.91	31.12	30.28	33.99	31.09	39.99	39.27	36.98	37.76	38.16	42.81	47.76	49.93	50.13	51.98	52.7	52.3	54.4	54.95	55.56	51.58	50.48	49.69	47.55	46.9	46.84	49.17	48.84	46.97	45.09	44.5	41.17	41.18	40.98	41	41.62	41.03	40.41	40.11				
07-Aug-12	39.78	38.67	34.62	31.29	31.6	31.25	30.24	30.11	30.02	30.09	29.96	29.92	30.96	30.35	35.89	37.24	39.87	40.34	39.78	40.29	42.33	40.95	40.78	40.59	40.92	40.47	40.53	40.87	40.17	40.07	39.53	39.19	41.63	41.69	41.07	41.58	43.28	42.65	41.33	41.57	41.77	41.29	41.12	40.97	41.48	41.36	40.29	40.25				
08-Aug-12	38.98	39.17	33.76	30.8	31.27	30.66	32.88	32.84	31.13	31.02	31.31	31.45	33.97	32.65	36.6	37.61	37.83	38.6	41.35	41.74	43.17	43.72	43.79	46.65	51.84	52.96	52.31	52.22	54.5	50.75	49.18	49.69	43.45	44.82	46.06	48.05	54.75	50.8	52.66	47.8	43.54	43.65	43.5	43.48	43.56	43.29	41.71	40.97				
09-Aug-12	38.93	37.84	35.66	35.95	32.54	32.45	30.95	30.6	30.17	30.17	30.27	29.91	35.2	34.07	36.52	38.21	38.37	37.98	37.11	41.42	44.65	45.56	46.82	47.94	49.3	49.62	50.4	48.34	47.13	45.33	44.66	44.21	42.56	44.3	47.1	47.15	51.54	53.21	54.08	52.08	43.4	43.36	43.1	44	45.39	42.6	41.59	41.03				
10-Aug-12	39.94	38.92	36	35.61	31.48	30.91	31.13	31.1	30.72	30.82	31.14	31.58	33.67	33.95	36.91	36.6	38.86	37.59	40.93	41.34	42.96	43.17	43.09	43.58	45.66	48.27	49.81	49.77	45.92	50.15	47.29	45.87	45.09	45.16	45.55	46.58	46.51	45.45	44.64	41.58	41.72	41.16	40.53	41.29	42.68	42	41.76	40.59				
13-Aug-12	36.94	35.75	33.77	31.9	31.13	30.98	31.24	31.05	31.87	32.12	32.04	31.63	32.67	31.61	34.76	36.22	40.38	40.75	41.92	41.29	44.68	45.75	47.6	47.93	47.34	47.7	47.01	46.57	45.11	44.95	46.73	46.17	48.9	50.78	50.37	51.65	55.02	52.34	52.8	53.67	46.22	45.13	44.83	45.46	45.03	44.82	43.54	42.68				
14-Aug-12	38.08	38.01	32.74	31.94	32.1	32.07	31.54	31.52	31.56	31.55	31.49	31.76	34.58	33.9	37.11	38.47	45.86	47.59	50.25	52.32	46.46	48.06	50.01	54.81	56.91	57.92	58.58	57.11	56.59	56.18	56.8	55.92	55.17	57.47	65.35	69.82	71.73	68.43	64.09	60.91	51.47	51.52	51.61	52.24	50.36	46.81	45.26	45.24				
15-Aug-12	42.74	40.89	37.87	37.23	34.86	34.77	33.58	32.43	31.96	31.43	32.01	31.71	32.06	31.16	34.71	34.75	36.84	36.37	38.94	39.87	40.63	40.22	39.58	39.2	38.47	38.41	39.71	39.11	39.88	39.88	42.28	42.4	47.22	47.26	47.13	46.78	44.95	42.77	42.18	41.68	41.44	40.9	41.23	41.31	41.29	40.91	40.17	39.26				
16-Aug-12	37.73	34.28	32.07	31.11	29.51	29.89	28.64	27.75	29.11	29.29	29.88	29.8	33.25	32.55	34.39	35.01	39.86	39.91	38.67	40.44	39.52	39.76	41.02	42.94	47.34	47.53	47.57	47.35	46.48	46.85	46.67	46.2	46.49	46.22	46	47.33	48.62	45.54	48.44	48.12	45.15	44.55	43.62	43.88	44	42.65	41.41	41.46				
17-Aug-12	39.36	38.28	37.91	38.01	32.04	32.01	31.54	31.59	31.4	31.49	31.31	31.22	31.62	31.63	34.65	36.45	38.71	38.81	38.47	40.76	39.12	37.92	39.01	40.07	38.67	38.88	38.44	38.27	39	39.11	39.65	40.07	45.15	45.36	45.52	44.9	47.05	46.28	47.04	46.36	42.59	42.34	42.25	42.41	43.39	42.4	41.05	40.99				
20-Aug-12	40.9	38.16	34.61	33.69	33.87	34.66	33.46	32.1	32.06	32.17	32.2	31.89	34.92	34.47	35.82	35.54	39.85	38.89	39.96	40.14	45.47	45.48	45.62	46.27	48.62	48.91	48.3	48.01	45.07	44.91	44.83	43.48	42.28	42.57	43.37	45.06	44.63	42.63	42.74	42.5	44.68	44.59	44.65	45.9	45.65	44.41	43.96	43.34				
21-Aug-12	39.49	36.3	33.49	32.07	32.77	32.71	32.87	32.84	33.57	33.28	33.09	32.34	39.32	36.49	36.1	38.74	46.6	46.72	46.06	47.87	49.8	50.94	50.53	51.49	53.02	53.26	53.7	52.42	51.09	50.7	49.9	48.95	49.61	50.89	51.82	52.06	52.48	51.94	50.45	49.94	45	44.93	45.35	47.2	44.99	44.9	43.51	43.57				
22-Aug-12	39.02	36.35	37.96	36.68	32.94	33.1	32.09	32.16	32.35	32.36	32.3	32.32	32.88	33.55	36.56	37.41	40.71	39.6	36.94	40.02	45.34	48.49	48.93	49.23	46.97	47.81	48.25	45.44	44.5	44.14	43.85	43.69	39.97	39.61	39.83	40.74	45.89	45.86	45.55	44.7	44.21	44.32	44.47	44.55	44.17	42.91	42.51	42.75				
23-Aug-12	38.58	37.95	35.55	33.42	32.51	32.5	32.4	32.4	32.15	32.09	32.17	32.16	35.05	33.91	37.16	42.14	41.22	41.37	42.98	44.67	46.06	45.8	44.48	48.14	50.33	48.36	49.66	49.11	47.79	47.77	47.78	47.76	45.06	46.62	45.43	46.81	48.23	46.66	47.33	46.5	48.22	48.81	48.41	49.09	46.29	44.65	43.28	42.79				
24-Aug-12	37.81	36.44	41.37	35.62	35.32	34.77	34.11	34.04	33.11	33.67	33.56	33.58	37.88	39.24	38.78	42.47	42.85	45.73	47.75	50.51	50.73	52.43	52.74	52.45	47.15	46.84	46.78	44.59	43	42.9	43.01	42.91	43.49	43.59	43.49	46.14	46.49	46.23	45.32	43.41	45.32	45.35	46.11	46.64	47.37	43.62	43.2	41.65				
27-Aug-12	38.18	37.71	36.72	37.37	33.07	32	30.82	28.6	28.14	28.27	28.57	28.18	35.64	34.52	33.94	33.12	35.89	36.35	36.67	37.2	37.12	38.22	38.13	37.43	39.97	40.71	39.74	39.59	38.04	37.78	37.87	37.89	39.05	38.68	39.38	40.89	42.48	41.1	41.88	42.57	45.71	46.09	47.24	48.33	45.22	44.03	42.14	40.84				
28-Aug-12	35.75	34.2	32.13	29.79	30.98	30.57	29.51	29.45	28.54	28.57	28.5	28.16	30.38	30.57	32.49	32.31	37.36	39.62	39.82	43.31	49.41	54.18	50.42	51.25	45.69	46.73	46.99	46.27	44.59	43.37	42.65	42.37	40.83	40.67	42.33	45.4	45.56	44.72	45.5	41.62	48.81	49.46	49.15	51.81	44.23	43.16	41.34	40.43				
29-Aug-12	36.82	34.08	35.51	36.42	33.73	34.34	32.99	32.97	32.42	32.05	32.28	31.8	34.68	35.42	37.75	39.31	42.2	45.5	45.59	49.58	52.93	54.94	56.04	56.67	61.19	60.11	62.02	61.97	57.68	56.84	56.48	55.71	57.7	59.75	57.3	58.37	59.52	58.58	58.95	58.28	49.2	49.17	49.62	49.74	47.5	46.85	45.36	43.09				
30-Aug-12	36.31	34.25	37.86	35.07	34.55	34.41	34.11	33.2	32.01	32.1	32.46	32.12	37.33	39.07	39.72	38.01	43.94	41.6	43.91	44.1	45.48	44.33	41.67	41.96	41.39	41.42	41.65	41.12	41.28	41.42	41.54	41.72	45.07	46.15	46.2	48.07	47.61	46.46	46.46	45.77	44.16	44.35	45.47	44.98	43.4	41.92	39.88	40.06				
31-Aug-12	35.68	33.88	32.03	29.3	29.68	29.53	30.06	29.93	29.72	30	30.03	29.91	32.97	33.98	37.14	37.01	38.2	39.97	44.99	49.3	50.18	49.38	49.86	49.98	46.42	46.56	46.74	46.04	42.53	42.22	41.76	41.19	40.25	39.85	39.01	40.83	41.77	41.86	41.02	40.82	42.75	43.35	43.75	43.67	42.23	40.25	38.94	39.51				
03-Sep-12	37.66	37.35	35.42	33.96	30.42	30.35	30.5	30.01	30.26	29.86	29.96	29.91	34.71	35.75	38.59	39.29	43	47.89	49.58	50.17	56.19	56.57	56.73	56.99	59.47	59.94	59.27	57.87	53.75	52.39	51.31	50.7	47.04	47.48	47.2	48.2	50.01	49.95	49.47	48.67	49.33	51.12	51.21	48.51	45.72	43.8	41.02	40.91				
04-Sep-12	32.82	35.41	34.53	31.46	31.53	31.44	30.85	30.29	29.23	29.18	29.13	28.79	32.97	35.03	37.91	38.7	38.92	44.98	43.85	45.87	43.89	44.25	45.39	46.41	45.55	45.47	45.21	44.87	43.48	43.38	43.27	42.7	43.87	44.04	45.86	46.81	48.29	47.83	47.57	47.82	47.81	48.76	49.67	48.76	46.99	45.61	41.31	40.93				
05-Sep-12	34.58	34.83	30.43	29.96	30.75	30.59	28.81	28.87	29.09	29.92	30.24	29.61	37.07	37.42	40.37	43.76	40.78	45.85	46.63	46.62	45.37	44.79	45.24	45.3	44.98	45.17	45.56	45.34	45.98	45.5	43.96	43.53	43.58	43.59	44.06	45.19	46.09	45.83	45.85	45.66	44.49	44.87	47.2	46.73	43.71	44.33	43.47	41.51				
06-Sep-12	38.79	41.06	40.4	35.56	34.06	33.03	32.84	32.61	31.23	30.86	31.28	31.12	42.01	42.59	43.56	48.7	41.76	50.01	50.26	50.67	47.27	45.84	45.2	45.35	40.6	41.02	40.23	39.87	38.91	40	39.71	39.97	39.13	37.65	38.58	40.28	42.65	42.44	42.39	41.87	46.79	51.51	63.12	60.49	48.78	43.15	40.72	38.83				
07-Sep-12	42.52	39.89	34.84	31.43	32.09	32	31.23	30.5	28.91	29.07	29.82	29.75	36.71	37.32	42.83	45.33	40.18	45.59	45.92	49.51	49.8	50.96	52.49	52.81	52.23	52.1	51.79	51.17	49.18	46.77	46.72	45.97	39.18	38.48	38.43	38.75	44.44	44.3	43.39	43.13	48.66	56.05	57.48	52.5	48.81	43.62	41.75	40.51				
10-Sep-12	35.79	30.75	30.07	29.74	30.96	30.92	29.63	29.22	28.15	28.29	28.41	27.57	41.24	39.03	39.39	39.22	44.79	45.68	43.59	43.01	43.7	43.47	42.98	44.2	45.2	46.35	45.74	45.89	45.18	45.24	45.08	44.94	44.7	44.92	45.32	47.64	55.34	54.67	59.07	56.26	49.9	54.57	48.93	48.91	43.75	44.09	43.67	41.41				
11-Sep-12	37.47	36.05	33.51	31.91	31.31	31.18	30.65	30.55	30.24	30.65	30.76	30.94	40.24	38.07	40.82	41.48	46.8	49.23	49.48	50.18	50.89	49.54	48.33	47.65	46.14	44.72	43.91	43.67	42.86	42.91	43.28	42.98	38.41	40.66	39.46	38.91	40.01	40.07	39.76	39.16	44.87	48.37	47.11	44.05	42.65	41.87	42.56	41.1				
12-Sep-12	36.95	30.51	30.36	30.14	30.53	29.79	29.27	29.7	30.1	29.49	30.36	29.73	37.64	37.22	40.22	39.54	48.02	53.34	53.83	53.9	54.48	54.31	55.38	53.93	53.6	55.34	56.94	55.64	54.62	54.63	58.06	56.59	47.52	47.7	51.53	59.71	54.71	52.54	52.04	50.9	46.36	48.71	48	46.49	44.39	43.05	42.06	41.5				
13-Sep-12	36.48	35.06	32.92	30.06	31.11	30.62	30.11	29.85	30.28	30.31	30.57	30.2	37.91	36.19	37	37.4	47.91	56.16	57.05	60.57	66.31	65.21	59.53	57.31	52.03	51.84	51.93	50.78	47.82	47.57	46.29	44.91	42.03	41.52	46.18	47.51	46.57	46.02	46.66	46.59	45.4	47.77	46.87	44.6	42	41.16	39.96	38.51				
14-Sep-12	34.29	33.38	29.27	28.44	27.19	27.36	27.28	27.24	27.19	27.25	27.35	27.48	30.97	30.92	35.41	35.5	39.55	42.11	41.1	40.76	42.94	43.19	43.18	44.13	44.12	44.51	44.29	44.16	43.73	43.71	43.73	43.42	43.41	44.11	43.76	44.02	47.16	46.69	46.58	46.13	46.42	49.48	48.97	45.45	40.63	38.51	37.43	37.2				
17-Sep-12	35.96	34.3	32.86	32.51	32.58	32.29	32.12	32.03	30.41	29.6	30.6	30.53	39.41	36.74	38.88	41.34	46.22	48.33	46.23	46.1	45.05	46.07	45.65	45.75	48.85	48.71	48.84	48.85	48.66	48.39	47.72	47.48	47.71	48.17	49.35	49.47	50	49.82	52.16	51.55	53.88	62.23	61.92	52.19	47.44	46.41	44.05	42.8				
18-Sep-12	35.76	37.38	33.39	33.08	31.54	31.73	31.34	31.03	30.88	30.81	30.33	30.29	38.79	37.65	45.04	50.16	49.6	52.95	48.4	43.4	42.54	42.1	38.96	38.67	40.7	40.63	40.62	38.74	40.13	39.66	39.89	39.94	42.56	41.86	42.02	41.94	42.25	41.97	41.26	41.61	44.79	48.94	48.34	43.13	38.05	37.85	37.6	37.58				
19-Sep-12	35.7	35.07	32.19	32.83	32.35	33.02	32.98	32.5	30.89	30.3	29.88	28.57	38.87	39.29	47.91	47.85	45.76	48.39	44.73	43.87	43.44	43.21	42.38	42.68	40.16	41.74	41.49	41.82	42.52	41.66	41.53	41.57	43.99	45.46	46.59	53.03	57.37	54.98	55.6	54.52	62.36	64.96	65.64	59.94	46.57	46.77	42.15	42.95				
20-Sep-12	37.21	38.36	36.33	39.75	36.59	38.28	32.62	32	35.35	38.14	40.37	34.53	50.58	49.46	47.81	45.96	49.98	59.22	51.18	52.47	57.46	58.31	56.75	56.43	51.71	49.79	51.55	49.55	44.85	44.05	43.57	42.82	44.39	46.84	47.8	49.11	47.6	47.05	46.99	47.16	49.75	60.02	51.8	46.12	45.2	44.92	44.08	40.51				
21-Sep-12	36.45	36.2	29.04	29.07	29.67	29.82	29.7	29.81	29.35	29.24	29.22	28.99	44.95	44.36	44.82	45.32	43.77	46.14	50.71	50.89	55.19	56.33	55.53	57.63	58.49	60.63	61.56	60.3	54.45	54.02	51.79	51.01	50.09	49.9	50.76	51.97	56.48	56	55.98	56.05	59.57	58.4	56.89	50.26	50.92	48.72	45.75	46.91				
24-Sep-12	36.33	33.53	33.39	33.2	35.42	35.07	34.94	34.9	34.22	34.04	33.85	33.5	35.9	36.37	37.51	38.36	47.46	58.97	62.01	58.84	63.26	63.14	61.4	62.18	51.01	53.42	54.19	56.24	52.26	52.81	52.36	50.31	51	49.81	52.97	56.53	57.99	57.12	54.54	54.53	59.17	57.29	49.58	48.5	41.83	40.54	38.11	35.5				
25-Sep-12	33.84	32.22	30.9	30.46	30.87	30.18	29.24	29.41	29.46	29.29	28.73	28.92	37	33.5	39.54	39.9	43.26	44.96	44.45	44.57	44.73	45.1	45.69	45.75	44.65	43.19	44.95	44.17	39.32	38.72	38.72	38.15	39.8	40.64	41.74	43.18	47.95	47.66	47.2	48.55	61.21	58.86	48.18	45.86	42.08	40.54	39.18	37.39				
26-Sep-12	33.5	32.94	32.13	30.21	29.52	29.27	29.17	29.07	29.5	29.42	29.51	29.16	33.99	32.6	39.84	40.77	41.56	49.66	49.71	48.88	47.02	45.72	45.59	46.1	44.26	44.53	43.88	44.13	43.45	41.56	42.23	41.57	41.66	42.46	42.38	43.22	49.39	50.47	51.11	55.35	58.11	59.73	54.89	52.69	45.14	42.75	39.03	37.31				
27-Sep-12	36.63	34.44	33.97	32.64	31.23	30.88	31.21	31.21	29.92	30.34	30.75	29.73	36.79	36.28	40.86	42.23	40.38	46.13	43.94	43.69	44.4	43.95	43.58	45.07	43.83	43.83	43.44	43.38	41.66	41.71	38.26	37.42	42.28	41.27	41.79	42.24	44.67	44.21	44.46	49.58	67.76	66.99	57.86	52.53	42.33	41.44	43.02	38.76				
28-Sep-12	37.75	37.29	35.31	34.63	34.2	33.6	31.02	30.65	28.24	28.23	28.01	27.21	35.69	34.76	37.49	40.95	40.82	48.33	47.08	47.35	44.79	44.42	45.21	45.09	43.07	42.93	43.5	42.56	40.15	39.98	39.81	39.51	41.01	41.75	40.93	42.23	42.71	42.32	42.99	46.24	52.19	51.98	46.48	44.05	39.51	39.13	39.36	38.45				
01-Oct-12	37.64	33.23	31.51	30.48	28.92	28.41	28.23	28.51	28.2	28.25	28.44	28.17	39.36	38.6	42.06	41.46	44.04	47.46	47.16	46.83	49.5	50.22	51.76	54.07	55.12	53.21	51.99	51.75	44.61	44.11	43.75	42.57	42.9	42.29	41.56	42.85	45.05	44.47	45.16	46.66	47.1	46.66	45.19	46.11	45.94	43.29	41.78	40.69				
02-Oct-12	35.29	33.79	28.38	27.62	27.83	27.88	27.89	27.5	27.36	26.92	26.79	22.3	31.23	30.27	42.8	41.97	45.04	52.81	57.29	57.99	50.67	50.76	50.45	51.42	52.33	56.52	56.78	52.25	47.84	46.19	45.6	45.02	41.71	45.87	54.09	57.45	57.64	57.36	56.3	60.53	76.32	78.54	70.61	60.07	40.84	39.64	37.41	37.7				
03-Oct-12	35.96	37.67	35.98	31.79	31.04	31.11	30.75	30.32	29.87	29.55	29.58	29.63	33.74	32.73	41.71	42.04	48.51	50.02	48.99	49.92	51.65	50.96	50.55	49.26	46.72	45.92	45.18	45.53	42.69	43.42	42.05	42.25	40.55	40.54	43.54	44.28	48.34	50.38	60.02	71.22	70.48	69.38	54.11	49.39	47.38	46.78	42.82	42.32				
04-Oct-12	39.09	42.41	37.89	35.67	33.13	32.72	32.14	31.09	30.99	30.76	30.53	30.18	37.17	36.02	45.33	47.29	43.94	52.55	51.87	54.1	53.39	51.72	51.16	51.02	46.3	45.9	46.18	45.04	45.13	45.05	45.2	45.17	42.73	42.78	42.38	41.89	47.44	46.09	48.82	55.63	61.64	59.22	52.44	49.44	43.23	42.82	40.8	41.19				
05-Oct-12	35.35	35.26	35.44	35.12	33.94	36.04	33.62	33.6	34.23	33.87	33.5	33.04	39.87	39.28	46.89	48.47	45.7	47.18	51.58	57.48	61.96	62.08	61.31	62.35	57.11	56.85	54.34	49.47	48.04	46.1	45.1	45.84	42	41.56	41.51	42.02	54.89	55.74	63.61	73.84	82.34	66.86	61.11	46.39	45.33	42.73	43.61	43				
08-Oct-12	47.92	42.86	41.95	41.95	41.69	41.96	42.1	41.92	35.43	35.42	35.61	34.52	43.11	43.39	47.14	46.5	53.05	58.1	57.75	57.48	56.44	57.12	57.21	57.64	57.02	53.55	55.18	55.59	52.12	51.12	50.53	49.63	44.99	45.85	46.2	48.15	52.88	52.68	55.02	73.56	81.06	72.49	55.53	51.27	52.15	51.95	49.73	46.83				
09-Oct-12	39.03	35.35	33.03	32.12	31.66	32.1	31.82	31.61	30.43	30.39	30.41	30.06	35.46	35.51	39.84	45.1	43.59	49.25	48.59	48.95	53.63	54.32	52.03	51.56	52.19	52.46	52.61	50.83	50.14	50.05	49.15	49.19	45.8	48.39	47.8	49.31	56.08	55.75	62.23	83.38	81.54	62.12	51.87	50.27	49.68	46.79	43.52	39.15				
10-Oct-12	38.1	33.47	33.85	31.55	32.08	32.35	32.15	31.76	31.91	31.97	32.58	32.24	37.94	34.31	40.38	44.64	48.81	56.62	61.63	59.97	63.39	64.57	66.28	65.71	60.42	58.28	55.77	54.61	50.25	51.6	51.15	51.28	46.3	46.38	48.04	49.25	53.54	52.66	53.55	64.87	63.67	50.73	48.77	49.06	46.55	46.04	45.46	39.96				
11-Oct-12	38.9	35.02	31.52	30.37	31.86	31.81	31.81	31.82	31.63	31.68	31.33	31.29	32.8	31.47	38.1	42.33	51.1	71.36	58.92	60.32	58.85	58.82	57.88	56.81	51.29	51.32	53.12	56.02	52.46	52.34	52.57	51.9	56.81	57.04	58.96	57.95	63.55	62.13	73.73	77.59	77.97	66.05	57.79	57.76	51.52	51.52	49.71	43.72				
12-Oct-12	34.54	33.13	30.65	29.18	30.01	29.9	30.08	29.71	28.84	28.18	28.58	23.29	29.98	29.86	37.26	39.93	39.81	43.84	41.33	41.21	42.32	41.92	41.28	41.3	41.2	40.84	40.27	40.05	39.44	39.16	39.11	38.91	39.5	39.43	40.38	39.85	49.92	49.14	49.9	59.34	67.05	51.19	47.6	47.88	48.38	48.98	49.11	47.23				
15-Oct-12	44.13	42.29	36.66	37.89	40.82	41.84	40.78	37.64	40.84	40.6	40.28	40.07	48.1	45.53	53.88	53.08	58.67	64.82	62.47	72.58	77.48	77.18	76.7	76.17	56.87	55.89	58.35	57.08	52.4	50.75	50.66	50.69	50.09	48.91	50.82	51.37	51.71	53.74	73.29	94.31	121.04	62.34	62.34	55.47	49.23	47.47	48.33	45.97				
16-Oct-12	44.85	40.55	31.2	30.74	30.89	32.94	31.95	31.52	31.72	31.37	31.31	30.79	34.34	34.18	43.32	45.6	43.06	46.52	48.42	47.19	46.06	46	45.46	45.89	43.44	43.24	43.14	43.37	43.69	44.06	44.02	43.7	47.22	47.48	48.91	48.05	50.4	51.22	59.8	75.13	87.34	63.68	56.18	52.43	48.74	48.88	46.77	45.32				
17-Oct-12	37.88	37.12	32.4	30.93	32.1	33.28	32.5	31.82	30.63	30.61	30.49	30.25	31.73	32.26	38.51	40.63	49.82	52.88	59.28	56.78	57.19	58.17	57.38	56.06	48.22	48.55	47.79	46.05	44.36	43.89	42.59	42.64	41.55	41.44	43.62	45.36	58.1	63.29	89.12	135.61	100.62	80.13	70.5	54.97	46.27	46.45	45.64	44.49				
18-Oct-12	38.64	38.26	36.63	35.24	36.06	36.77	36.6	36	33.11	33.08	32.61	31.8	36.89	32.31	41.35	43.53	50.74	57.13	55.05	55.21	55.2	54.78	53.9	54.38	50.24	50.07	48.88	48.62	47.36	47.36	47.05	46.66	49.33	50.15	48.89	51.06	62.54	68.88	76.75	86.67	65.83	59.07	55.89	51.06	51.51	50.23	48.54	46.4				
19-Oct-12	41.02	36.61	33.21	32.16	33.5	33.63	33.47	33.31	32.81	32.69	32.11	32.06	36.19	35.44	42.2	40.97	53.84	56.34	59.21	62	66.8	69.72	68.29	66.21	64.36	67.12	65.35	64.68	64.22	61.63	58.74	62.21	65.78	66.35	69.84	70.05	73.93	76.93	93.69	109.43	70.52	58.12	59.27	56.67	50.54	46.01	44.32	42.71				
22-Oct-12	37.81	35.02	33.46	31.86	32.12	33.26	33.02	33.41	30.47	31.38	30.65	29.5	33.05	35.6	35.73	44.76	45.83	51.22	54.99	56.72	58.42	59.91	59.69	59.58	59.51	59.65	59.8	59.5	58.9	59.43	59.62	59.79	64.27	66	67.79	68.43	87.67	92.43	109.26	123.39	127.81	89.27	66.93	67.71	54.37	50.38	48.27	44.44				
23-Oct-12	38.04	39.18	33.76	31.93	33.66	35.36	33.16	33.33	36.77	33.33	34.29	32.68	37.28	39.15	45.34	44.38	49.43	50.37	51.93	57.57	63.14	64.92	65.43	65.6	76.4	81.09	75.39	74.83	70.37	69.21	69.36	69.25	82.62	84.27	98.07	89.46	97.53	95.26	113.85	119.53	81.19	64.51	60.12	60.13	54.27	55.07	54.62	47.33				
24-Oct-12	56.1	44.15	42.15	40.46	37.98	45.64	48.68	47.2	41.66	40.88	41.27	40.71	38.18	38.5	41.96	41.56	43.67	45.92	45.04	44.45	47.49	48.78	49.18	51.63	52.97	52.14	56.31	55.28	48.5	46.92	45.56	45.64	54.65	54.31	55.58	54.81	59.96	62.79	75.87	84.09	62.78	52.39	52.57	50.83	50.94	48.85	44.83	41.93				
25-Oct-12	34.5	32.31	30.89	30.24	31.38	32.01	31.87	31.67	31.92	31.93	32.06	31.98	33.47	33.69	39.75	39.96	44.39	45.92	44.29	44.2	46.87	46.57	46.95	47.11	46.87	46.75	46.97	46.29	44.93	44.41	43.84	44.31	46.85	45.4	46.44	46.99	48.2	52.36	66.07	57.08	48.11	46.76	46.92	45.66	43.47	38.78	35.9	32.65				
26-Oct-12	32.34	31.71	30.7	30.25	31.85	32.58	32.15	31.61	33.5	33.39	33.45	33.14	33.68	34.16	39.5	40.51	49.24	49.29	49.66	46.47	51.07	67.01	73.89	63.53	70.39	66.83	65.01	61.79	55.4	53.48	53.91	53.76	45.84	45.68	45.84	47.46	52.91	53.59	58.35	58	47.39	46.48	44.27	44.53	44.04	44.05	43.24	43.13			Clock Change Periods	
29-Oct-12	34.05	32.42	32.88	33.13	33.47	33.48	33.12	32.59	32.15	32.11	32.01	31.9	33.41	34.93	37.52	38.98	41.81	40.44	43.82	43.68	56.08	57.41	59.09	58.87	58.14	58.22	55.67	55.84	52.17	51.16	50.78	50.99	54.21	56.27	58.5	61.7	71.75	70.31	61.23	58.66	48.09	45.76	45.51	45.28	42.58	41.03	40.52	40.44				
30-Oct-12	37.12	33.91	32.39	32.77	32.39	31.94	31.86	30.99	29.58	28.92	28.83	28.97	34.38	33.44	40.7	48.12	47.3	46.24	47.47	47	52.35	50.65	49.44	48.88	47.39	47.35	47.04	47.02	45.88	44.75	44.97	44.67	54.25	55.84	55.33	62.84	74.26	66.1	55.33	53.98	50.35	48.25	46.85	47.63	45.11	42.84	43.26	41.83				
31-Oct-12	34.31	32.69	32	32.39	31.32	30.31	29.91	29.71	29.48	28.89	28.69	28.95	29.55	30.95	39.28	46.28	47.85	52.34	52.44	52.21	60.17	63.84	64.46	62.5	52.37	53.47	52.5	51.84	50.41	50.14	50.32	50.14	59.58	60.97	58.7	65.6	87.62	94.04	73.03	68.13	53.22	52.22	54.1	53.83	51.38	48.57	48.7	47.58				
